ticker,date,text,likes,retweets,clean_text,sentiment_score
AAPL,2025-08-01 18:21:12+00:00,Now its Apple's turn to pick a horse in the race. Lots of potential candidates. But the right acquisition could finally turn Apple Intelligence into the personal AI superintelligence that Apple always wanted it to be -- and send $AAPL stock soaring.,1,0,now its apples turn to pick a horse in the race lots of potential candidates but the right acquisition could finally turn apple intelligence into the personal ai superintelligence that apple always wanted it to be and send stock soaring,0
AAPL,2025-08-01 18:20:48+00:00,See that line for the AAPL stock?  That‚Äôs how much it was yesterday.  Now look at the Dow and S&amp;P https://t.co/qJSoxu042h,2,0,see that line for the aapl stock that‚Äôs how much it was yesterday now look at the dow and sampp,0
AAPL,2025-08-01 17:56:49+00:00,AAPL stock dips pre-earnings‚ÄîAI hype or cash trap? Dig into SEC filings now! #OngoingNow24 #AAPLStock #StockMarket #TechStocks #InvestSmart #MoneyTraps,0,0,aapl stock dips preearnings‚Äîai hype or cash trap dig into sec filings now ongoingnow24 aaplstock stockmarket techstocks investsmart moneytraps,0
AAPL,2025-08-01 17:52:10+00:00,"Apple Earnings Recap: iPhone Sales Beat Estimates, Stock Pops - Business Insider https://t.co/64jOcSaUIc",0,0,apple earnings recap iphone sales beat estimates stock pops business insider,1
AAPL,2025-08-01 16:05:19+00:00,"Barclays maintains Apple $AAPL at Underweight and raises the price target from $173 to
https://t.co/nNIgz3gZA9",0,0,barclays maintains apple at underweight and raises the price target from to,1
AAPL,2025-08-01 15:58:11+00:00,Apple (AAPL) Shares Jump Following Earnings Report https://t.co/Qo5oKUAkkV,0,0,apple aapl shares jump following earnings report,1
AAPL,2025-08-01 15:53:17+00:00,"@Abecrombietrade @munster_gene I've owned $AAPL stock for 30 years, I've enjoyed around 8 splits. That said innovation is lacking, the fact that they missed the boat on Ai is disappointing. $AAPL gave me wealth beyond my dreams. I do not own   $META, $AAPL gave me opportunities to diversify which I have.",0,0,ive owned stock for 30 years ive enjoyed around 8 splits that said innovation is lacking the fact that they missed the boat on ai is disappointing gave me wealth beyond my dreams i do not own gave me opportunities to diversify which i have,0
AAPL,2025-08-01 14:48:39+00:00,"$TSLA Which other company has a CEO publicly asking for more voting controls??? Jensen Huang has 3.8% of $NVDA shares, Tim Cook has 0.02% of $AAPL shares, do they have issue running the greatest companies in the world? I mean WTF!!!üò¨",0,0,which other company has a ceo publicly asking for more voting controls jensen huang has 38 of shares tim cook has 002 of shares do they have issue running the greatest companies in the world i mean wtfüò¨,0
AAPL,2025-08-01 14:31:29+00:00,"Market Insight : Apple (AAPL) shows cautious optimism‚Äîstrong analyst 'buy' ratings &amp; exciting AI updates, but technicals hint at short-term pressure. Get the details now!

https://t.co/3vGPkiWvPH

#StockMarket #investing #investment #stockmarketnews #AI #AAPL #TechStocks #trading",0,0,market insight apple aapl shows cautious optimism‚Äîstrong analyst buy ratings amp exciting ai updates but technicals hint at shortterm pressure get the details now stockmarket investing investment stockmarketnews ai aapl techstocks trading,0
AAPL,2025-08-01 14:28:41+00:00,"B of A Securities maintains Apple $AAPL at Buy and raises the price target from $235 to
https://t.co/nNIgz3gZA9",0,0,b of a securities maintains apple at buy and raises the price target from to,0
AAPL,2025-08-01 12:20:43+00:00,"Just in: Raymond James raises $AAPL price target to $240 from $230, maintaining an Outperform rating. Strong Q3 results and robust demand for iPhone 16, especially in China, drive optimism. Analyst sees potential in upcoming Apple Intelligence updates.",2,0,just in raymond james raises price target to from maintaining an outperform rating strong q3 results and robust demand for iphone 16 especially in china drive optimism analyst sees potential in upcoming apple intelligence updates,1
AAPL,2025-08-01 11:30:02+00:00,"Apple (AAPL) Shares Jump Following Earnings Report https://t.co/jvx1b2rIZb 

#Gold #Silver #Coin #Gold #NVDA #NZDUSD #Gold #FOMC #IOTA $EUR #USDJPY",0,0,apple aapl shares jump following earnings report gold silver coin gold nvda nzdusd gold fomc iota usdjpy,0
AAPL,2025-08-01 10:40:03+00:00,"ÔøΩÔøΩ Apple is falling | 10:41:12

$AAPL Price: $207.57
Change: -0.71%
Volume: 78,744,400

#Apple #Trading #104112 https://t.co/zF0irJwE6b",0,0,ÔøΩÔøΩ apple is falling 104112 price 57 change 071 volume 78744400 apple trading 104112,-1
AAPL,2025-08-01 10:31:01+00:00,Those $AAPL earnings: https://t.co/TfjAQJSAgC,1,0,those earnings,0
AAPL,2025-08-01 10:00:01+00:00,"ÔøΩÔøΩ Apple is falling | 10:01:10

$AAPL Price: $207.57
Change: -0.71%
Volume: 78,744,400

#Apple #Trading #100110 https://t.co/I3ZlC4aGaT",0,0,ÔøΩÔøΩ apple is falling 100110 price 57 change 071 volume 78744400 apple trading 100110,-1
AAPL,2025-08-01 08:00:18+00:00,"$AAPL As Apple Teases IOS 26, Is AAPL Stock A Buy, Sell, Or Hold? - https://t.co/WUtoZDQyAu #stocks #news https://t.co/kB2SLyNNKn",0,0,as apple teases ios 26 is aapl stock a buy sell or hold stocks news,0
AAPL,2025-08-01 05:21:34+00:00,Apple iPhone sales blew past Wall Street‚Äôs expectations in the June quarter as some U.S. consumers rushed to buy their devices before potential price increases from tariffs https://t.co/sifGObL1Hn via @WSJ,0,0,apple iphone sales blew past wall street‚Äôs expectations in the june quarter as some us consumers rushed to buy their devices before potential price increases from tariffs via,1
AAPL,2025-08-01 04:34:25+00:00,"@munster_gene And are you accepting that response? Me, NO! I sold 90% of my $AAPL stock, last thing I need is a rotten apple in my portfolio",1,0,and are you accepting that response me no i sold 90 of my stock last thing i need is a rotten apple in my portfolio,0
AAPL,2025-08-01 04:04:28+00:00,@akafaceUS Buy $AAPL stock and go breakdancing,2,0,buy stock and go breakdancing,0
AAPL,2025-08-01 02:57:55+00:00,Apple iPhone sales blew past Wall Street‚Äôs expectations in the June quarter as some U.S. consumers rushed to buy their devices before potential price increases from tariffs https://t.co/WQ1k7mkVSL via @WSJ,2,0,apple iphone sales blew past wall street‚Äôs expectations in the june quarter as some us consumers rushed to buy their devices before potential price increases from tariffs via,1
AAPL,2025-08-01 00:41:13+00:00,‚Å¶@Apple‚Å© iPhone sales blew past Wall Street‚Äôs expectations in the June quarter as some U.S. consumers rushed to buy their devices before potential price increases from tariffs https://t.co/4BFkdpo8PS,1,0,‚Å¶‚Å© iphone sales blew past wall street‚Äôs expectations in the june quarter as some us consumers rushed to buy their devices before potential price increases from tariffs,-1
AAPL,2025-08-01 00:14:02+00:00,"$AAPL shares are up 2% on great news and guidance, underscoring that investors don‚Äôt believe it‚Äôs sustainable.

I think otherwise. Here's my takeaway from the quarter.

https://t.co/6tCqVNVlHI",169,18,shares are up 2 on great news and guidance underscoring that investors don‚Äôt believe it‚Äôs sustainable i think otherwise heres my takeaway from the quarter,1
AAPL,2025-07-31 22:59:04+00:00,Apple iPhone sales blew past Wall Street‚Äôs expectations in the June quarter as some U.S. consumers rushed to buy their devices before potential price increases from tariffs https://t.co/Yi0OLxee61,1,1,apple iphone sales blew past wall street‚Äôs expectations in the june quarter as some us consumers rushed to buy their devices before potential price increases from tariffs,1
AAPL,2025-07-31 22:58:59+00:00,"Apple Earnings: iPhone Sales Blow Past Estimates as Customers Raced to Beat Tariffs | The company‚Äôs revenue rose about 10%, showing an unexpected ability to weather tariff blows.   -WSJ https://t.co/HKKxBzz8kU",0,0,apple earnings iphone sales blow past estimates as customers raced to beat tariffs the company‚Äôs revenue rose about 10 showing an unexpected ability to weather tariff blows wsj,1
AAPL,2025-07-31 22:26:03+00:00,Apple Earnings: iPhone Sales Blow Past Estimates as Customers Raced to Beat Tariffs - WSJ https://t.co/VqPuhXrcXV,0,0,apple earnings iphone sales blow past estimates as customers raced to beat tariffs wsj,-1
AAPL,2025-07-31 22:09:46+00:00,"What are your thoughts on Saylor giving ""earnings guidance"" which in the case of $MSTR is based on guessing future BTC valuation? @JoshMandell6 I don't remember Buffett doing that for his $KO and $AAPL shares, haha.",3,0,what are your thoughts on saylor giving earnings guidance which in the case of is based on guessing future btc valuation i dont remember buffett doing that for his and shares haha,0
AAPL,2025-07-31 22:05:46+00:00,"Didn‚Äôt Apple help build the CCP‚Äôs entire IT infrastructure? While selling phones.
Apple iPhone sales blew past Wall Street‚Äôs expectations in the June quarter as some U.S. consumers rushed to buy their devices before potential price increases from tariffs https://t.co/EQrCQFEINk",1,0,didn‚Äôt apple help build the ccp‚Äôs entire it infrastructure while selling phones apple iphone sales blew past wall street‚Äôs expectations in the june quarter as some us consumers rushed to buy their devices before potential price increases from tariffs,1
AAPL,2025-07-31 22:04:34+00:00,Apple Earnings: iPhone Sales Blow Past Estimates as Customers Raced to Beat Tariffs - WSJ https://t.co/johcwqb0vW,0,0,apple earnings iphone sales blow past estimates as customers raced to beat tariffs wsj,-1
AAPL,2025-07-31 21:48:07+00:00,Apple iPhone sales blew past Wall Street‚Äôs expectations in the June quarter as some U.S. consumers rushed to buy their devices before potential price increases from tariffs https://t.co/IoYumWmHOX via @WSJ,24,5,apple iphone sales blew past wall street‚Äôs expectations in the june quarter as some us consumers rushed to buy their devices before potential price increases from tariffs via,1
AAPL,2025-07-31 21:44:58+00:00,@unusual_whales Time to go buy more $AAPL stock https://t.co/OEvvEBAoxU,0,0,time to go buy more stock,0
AAPL,2025-07-31 21:43:29+00:00,@ModernDayInves That‚Äôs what people said two years ago. $AAPL stock has not grown much in the last two years.,0,0,that‚Äôs what people said two years ago stock has not grown much in the last two years,0
AAPL,2025-07-31 21:41:01+00:00,@TradingThomas3 Takes a long time dump $3 t in aapl stock- where you going to move it to.,1,0,takes a long time dump t in aapl stock where you going to move it to,0
AAPL,2025-07-31 21:33:10+00:00,"While I no longer hold $AAPL stock, I did for a long time. I still have an iPhone. I still have a Mac. Growing up, Apple was the pinnacle of innovation. 

Lately, that has not been the case. Every new phone is marginally better than the last, same thing with iOS updates. Apple",0,0,while i no longer hold stock i did for a long time i still have an iphone i still have a mac growing up apple was the pinnacle of innovation lately that has not been the case every new phone is marginally better than the last same thing with ios updates apple,0
AAPL,2025-07-31 21:27:26+00:00,$aapl congratulations $aapl stock holders $250 easy with this massive announcement ai partner with $nvda üöÄüöÄüöÄüöÄ https://t.co/rWH4rxeRxJ,0,0,congratulations stock holders easy with this massive announcement ai partner with üöÄüöÄüöÄüöÄ,0
AAPL,2025-07-31 21:23:50+00:00,"$AAPL stock now up 1% (was up 2% at start of the call) on the comment about the tariff impact in September will increase to $1.1B from $900m. 

The $1.1B is not the issue, it's small, about 2% of revenue. The problem is it went up quarter on quarter and begs the questions for",57,6,stock now up 1 was up 2 at start of the call on the comment about the tariff impact in september will increase to 1b from the 1b is not the issue its small about 2 of revenue the problem is it went up quarter on quarter and begs the questions for,1
AAPL,2025-07-31 21:01:25+00:00,"Apple Inc (AAPL) price at close, 2025-07-31, is 207.57.",0,0,apple inc aapl price at close 20250731 is 20757,0
AAPL,2025-07-31 20:54:15+00:00,$AAPL Apple iPhone sales blew past Wall Street‚Äôs expectations in the June quarter as some U.S. consumers rushed to buy their devices before potential price increases from tariffs https://t.co/MGrEdOPOVt via @WSJ,2,1,apple iphone sales blew past wall street‚Äôs expectations in the june quarter as some us consumers rushed to buy their devices before potential price increases from tariffs via,1
AAPL,2025-07-31 20:51:15+00:00,Just in: $AAPL stock up 3% after the company announces better than expected Q3-25 earnings. https://t.co/BTu4RaRTqa,1,1,just in stock up 3 after the company announces better than expected q325 earnings,1
AAPL,2025-07-31 20:50:02+00:00,"Apple (AAPL) Stock Price, News &amp; Analyst Forecast ‚ÄìeToro https://t.co/FeNra4jRL4",0,0,apple aapl stock price news amp analyst forecast ‚Äìetoro,0
AAPL,2025-07-31 20:45:53+00:00,"Great quarter by $AAPL, stock blasted off üöÄ‚Ä¶. Back to Wednesday‚Äôs high https://t.co/DK2dwN1fJy",1,1,great quarter by stock blasted off üöÄ‚Ä¶ back to wednesday‚Äôs high,1
AAPL,2025-07-31 20:36:34+00:00,"ÔøΩÔøΩ Apple is falling | 20:37:43

$AAPL Price: $207.57
Change: -0.71%
Volume: 64,700,006

#Apple #Trading #203743 https://t.co/5MQi32FAjD",0,0,ÔøΩÔøΩ apple is falling 203743 price 57 change 071 volume 64700006 apple trading 203743,-1
AAPL,2025-07-31 20:35:43+00:00,Apple iPhone sales blew past Wall Street‚Äôs expectations in the June quarter as some U.S. consumers rushed to buy their devices before potential price increases from tariffs https://t.co/GaNreiU1jA,14,2,apple iphone sales blew past wall street‚Äôs expectations in the june quarter as some us consumers rushed to buy their devices before potential price increases from tariffs,1
AAPL,2025-07-31 20:35:00+00:00,APPLE ($AAPL) SHARES UP 2.7% IMMEDIATELY,0,0,apple shares up 27 immediately,0
AAPL,2025-07-31 19:13:05+00:00,$AAPL - Stock seeing 3 time the call flow coming in pre earnings. Net flow is slightly positive. market expects a $8 move post earnings. Company to report lower revenue and EPS numbers. AI related growth will be on high watch. https://t.co/jBY7oVrTSS,1,0,stock seeing 3 time the call flow coming in pre earnings net flow is slightly positive market expects a move post earnings company to report lower revenue and eps numbers ai related growth will be on high watch,-1
AAPL,2025-07-31 19:05:48+00:00,"$AAPL price action this year reminds me of the 80s - written off, has been. I would argue otherwise. $AAPL is seasonally strong in August. The chart is interesting, consolidating around early April gap below 200-DMA. $AAPL vs. $QQQ oversold.

Think $AAPL buys Anthropic this year https://t.co/Et9pQhUQ8w",4,0,price action this year reminds me of the 80s written off has been i would argue otherwise is seasonally strong in august the chart is interesting consolidating around early april gap below 200dma vs oversold think buys anthropic this year,1
AAPL,2025-07-31 18:58:21+00:00,$AAPL stock price rising...helps when you have stock buybacks all the time. https://t.co/OwtMwUZt9K,0,0,stock price risinghelps when you have stock buybacks all the time,0
AAPL,2025-07-31 15:32:43+00:00,"Apple reports earnings later today. 

A growing list of headwinds have contributed to $AAPL shares experiencing some of their worst underperformance relative to peers and the market in recent memory. This has led to expectations being low heading into the release. 

I discuss https://t.co/x23KDQcWuq",2,0,apple reports earnings later today a growing list of headwinds have contributed to shares experiencing some of their worst underperformance relative to peers and the market in recent memory this has led to expectations being low heading into the release i discuss,-1
AAPL,2025-07-31 15:24:22+00:00,"The SP500 has gained 8.70% YTD üü¢ meanwhile Apple is down 14.50% YTD üî¥

Apple reports earnings after the bell today. Will this be the turning point for $AAPL stock? https://t.co/2L2JQZxm2F",18,1,the sp500 has gained 870 ytd üü¢ meanwhile apple is down 1450 ytd üî¥ apple reports earnings after the bell today will this be the turning point for stock,-1
AAPL,2025-07-31 14:16:17+00:00,"Apple earnings updates: Analysts want updates on AI progress, iPhone demand, with the stock down 16% https://t.co/yJxXMydqMH",10,4,apple earnings updates analysts want updates on ai progress iphone demand with the stock down 16,-1
AAPL,2025-07-31 14:14:41+00:00,"Apple earnings updates: Analysts want updates on AI progress, iPhone demand, with the stock down 16% https://t.co/vspH63SyDt",0,0,apple earnings updates analysts want updates on ai progress iphone demand with the stock down 16,-1
TSLA,2025-08-01 20:32:39+00:00,"@HolySmokas Dont be foolish with nonsense, you are to good for that, this will go to a higher court, certainly not finish, quit with the , i win you lose with the tsla stock, just stop",1,0,dont be foolish with nonsense you are to good for that this will go to a higher court certainly not finish quit with the i win you lose with the tsla stock just stop,0
TSLA,2025-08-01 20:28:00+00:00,The only thing holding $tsla stock down is‚Ä¶‚Ä¶‚Ä¶‚Ä¶the safety drivers/safety riders. Once they go away‚Ä¶‚Ä¶..sky is the limit for @tsla.,0,0,the only thing holding stock down is‚Ä¶‚Ä¶‚Ä¶‚Ä¶the safety driverssafety riders once they go away‚Ä¶‚Ä¶sky is the limit for,-1
TSLA,2025-08-01 20:14:54+00:00,"Need some advice

Would you guys think to sell some of your $TSLA stock to buy a Tesla? 

I am considering this, but keep having battles in my head to not do it",0,0,need some advice would you guys think to sell some of your stock to buy a tesla i am considering this but keep having battles in my head to not do it,0
TSLA,2025-08-01 20:11:58+00:00,"@elonmusk @SawyerMerritt Yes, fight this. We can‚Äôt have TSLA stock going down any further. üòÇ",1,0,yes fight this we can‚Äôt have tsla stock going down any further üòÇ,-1
TSLA,2025-08-01 20:10:53+00:00,"Is that a live ticker of the $tsla stock, 30 % off? https://t.co/oCjFZ1Su1r",1,0,is that a live ticker of the stock 30 off,0
TSLA,2025-08-01 20:08:32+00:00,"@grok @FlyingVVFlying @jakeshieldsajj @elonmusk I think it‚Äôs time to sell my TSLA stock.
@elonmusk 

You are putting this shit in our cars?
Lmao.

Ok.",2,2,i think it‚Äôs time to sell my tsla stock you are putting this shit in our cars lmao ok,0
TSLA,2025-08-01 20:06:53+00:00,Wow $NIO one of the only green tickers out there. Many sold their $TSLA shares today to jump in $NIO. They will be rewarded. Great week now time to eat! https://t.co/Ec0KHtzO3x,9,0,wow one of the only green tickers out there many sold their shares today to jump in they will be rewarded great week now time to eat,0
TSLA,2025-08-01 19:51:28+00:00,"@Entertained_1 @mmomboisse Amazing tsla stock is still above 300, for how long I wonder.",1,0,amazing tsla stock is still above 300 for how long i wonder,0
TSLA,2025-08-01 19:46:46+00:00,"@TeslaBoomerMama Im hoping for all but no way Elon buy back $tsla shares.
Probably a mix of A and B.",2,1,im hoping for all but no way elon buy back shares probably a mix of a and b,0
TSLA,2025-08-01 19:24:54+00:00,"@lickitysplit_7 correct /
at least with drones etc, you can get direct drone exposure

there are scenarios that optimus does great but tsla stock is still down",1,0,correct at least with drones etc you can get direct drone exposure there are scenarios that optimus does great but tsla stock is still down,0
TSLA,2025-08-01 18:56:06+00:00,"This award essentially negates the profits from around 40,000 FSD sales, which is a significant chunk of what Tesla sells in a year.

And to think that Musk said (before he scampered to create fake robots) that THIS deadly product is the only reason to own $TSLA stock! https://t.co/OGmsuo8iXi",31,6,this award essentially negates the profits from around 40000 fsd sales which is a significant chunk of what tesla sells in a year and to think that musk said before he scampered to create fake robots that this deadly product is the only reason to own stock,0
TSLA,2025-08-01 18:54:50+00:00,@IncomeSharks I'm still in the green with all my $TSLA stock. This does look like a fine buying opportunity though....  See ya on Monday!,0,0,im still in the green with all my stock this does look like a fine buying opportunity though see ya on monday,0
TSLA,2025-08-01 18:45:30+00:00,I‚Äôm calling it again‚Ä¶  Earlier last year in August I called that $TSLA would bottom when it was $180 and shortly after it ran to $440+  Now $TSLA is setting up exactly like last time.  This time I predict $TSLA stock price will hit $500+ by September 2025.  Mark my words‚Ä¶,0,0,i‚Äôm calling it again‚Ä¶ earlier last year in august i called that would bottom when it was and shortly after it ran to now is setting up exactly like last time this time i predict stock price will hit by september 2025 mark my words‚Ä¶,0
TSLA,2025-08-01 18:32:28+00:00,"@DocTesla83 @LarryTal101 That extinguished that toxic $12 billion in Twitter acquisition debt.

As of the end of last year, Musk had $71 billion in personal loans collateralized by $TSLA stock.",0,0,that extinguished that toxic billion in twitter acquisition debt as of the end of last year musk had billion in personal loans collateralized by stock,0
TSLA,2025-08-01 18:28:20+00:00,The $TSLA stock price is currently:,2,0,the stock price is currently,0
TSLA,2025-08-01 18:18:23+00:00,"Elon Musk is welcome to vote my $TSLA shares.

Can I sign him up as a permanent proxy holder?

@TeslaBoomerMama",146,1,elon musk is welcome to vote my shares can i sign him up as a permanent proxy holder,0
TSLA,2025-08-01 18:13:21+00:00,"@TeslaBoomerMama @elonmusk @teslaownersSV @elonmusk We, as retail investors, fully support you and Tesla. However, we ask that you be mindful of the TSLA price, as we have our bills to pay and families to support. üôèüëäüåπ",0,0,we as retail investors fully support you and tesla however we ask that you be mindful of the tsla price as we have our bills to pay and families to support üôèüëäüåπ,0
TSLA,2025-08-01 17:59:48+00:00,"Still guessing when to buy or sell Tesla? üëÄ
CTI gives you real-time trading signals, tested and trusted.
Try it for 1 month FREE ‚Äî no strings attached.

üí¨ DM us ‚ÄúCTI‚Äù to get started today

https://t.co/VcaujyPx0w

#TeslaSignals #CTITrial #TradeSmarter #proceedit https://t.co/F2J8zAs8o9",1,0,still guessing when to buy or sell tesla üëÄ cti gives you realtime trading signals tested and trusted try it for 1 month free ‚Äî no strings attached üí¨ dm us ‚Äúcti‚Äù to get started today teslasignals ctitrial tradesmarter proceedit,0
TSLA,2025-08-01 17:55:15+00:00,@disclosetv Too little too late. Elon already played into the lie that ‚ÄúTrump is a p*do‚Äù. Elon can fuck himself in the face as far as I‚Äôm concerned. Should focus on his plummeting $TSLA stock.,1,0,too little too late elon already played into the lie that ‚Äútrump is a pdo‚Äù elon can fuck himself in the face as far as i‚Äôm concerned should focus on his plummeting stock,0
TSLA,2025-08-01 17:40:06+00:00,"The gain on Tesla $TSLA stock is 0% if you invested in the the first week of Jan 2021.

The status of Tesla $TSLA stock as a ""buy and hold"" investment is currently a subject of intense debate among investors and analyst .

The opportunity cost lost by sticking to Tesla over the https://t.co/qUl2xayp3d",0,0,the gain on tesla stock is 0 if you invested in the the first week of jan 2021 the status of tesla stock as a buy and hold investment is currently a subject of intense debate among investors and analyst the opportunity cost lost by sticking to tesla over the,0
TSLA,2025-08-01 17:33:24+00:00,"@BogdanLazarec @aboongm1 Fact that dithering buffoon Elon Musk ü§° is unable to produce and sell a proper 7-seater Tesla SUV for under $30,000 like the Chinese can proves that Tesla‚Äôs ‚Äúeconomies of scale and vertical integration‚Äù are bogus / vaporware. Why $TSLA stock is stuck where it was 58 months ago. https://t.co/8PqG2IEYZs",0,0,fact that dithering buffoon elon musk ü§° is unable to produce and sell a proper 7seater tesla suv for under 000 like the chinese can proves that tesla‚Äôs ‚Äúeconomies of scale and vertical integration‚Äù are bogus vaporware why stock is stuck where it was 58 months ago,-1
TSLA,2025-08-01 17:32:44+00:00,"Fact that dithering buffoon Elon Musk ü§° is unable to produce and sell a proper 7-seater Tesla SUV for under $30,000 like Nio $NIO can proves that Tesla‚Äôs ‚Äúeconomies of scale and vertical integration‚Äù are bogus / vaporware. Why $TSLA stock is stuck where it was 58 months ago. https://t.co/8PqG2IFwP0",1,1,fact that dithering buffoon elon musk ü§° is unable to produce and sell a proper 7seater tesla suv for under 000 like nio can proves that tesla‚Äôs ‚Äúeconomies of scale and vertical integration‚Äù are bogus vaporware why stock is stuck where it was 58 months ago,-1
TSLA,2025-08-01 17:32:15+00:00,"@alc2022 $TSLA stock has been trading sideways for 4 years inspite of the cars driving themselves now. There, corrected it for you.",2,0,stock has been trading sideways for 4 years inspite of the cars driving themselves now there corrected it for you,0
TSLA,2025-08-01 17:31:53+00:00,"Fact that dithering buffoon Elon Musk ü§° is unable to produce and sell a proper 7-seater Tesla SUV for under $30,000 like the Chinese can proves that Tesla‚Äôs ‚Äúeconomies of scale and vertical integration‚Äù are bogus / vaporware. Why $TSLA stock is stuck where it was 58 months ago. https://t.co/8q8nKSNTe8",6,2,fact that dithering buffoon elon musk ü§° is unable to produce and sell a proper 7seater tesla suv for under 000 like the chinese can proves that tesla‚Äôs ‚Äúeconomies of scale and vertical integration‚Äù are bogus vaporware why stock is stuck where it was 58 months ago,-1
TSLA,2025-08-01 17:23:33+00:00,@CarCounsel @better_huma_ity Tesla FSD almost kills family and proves why $TSLA was rated most dangerous car with highest accident fatality rate in the industry. Get why Tesla board chair Robyn Denholm sold nearly all her $TSLA stock?   https://t.co/lHE9RLfE5o,0,0,tesla fsd almost kills family and proves why was rated most dangerous car with highest accident fatality rate in the industry get why tesla board chair robyn denholm sold nearly all her stock,0
TSLA,2025-08-01 17:18:52+00:00,"@YammerTime01 Musk has 238 million shares pledged in excess of the #tesla bylaws
@elonmusk if sells or is forced to sell just a minority portion of his holdings $tsla shares may crash
Elon musk is only a billionaire on paper https://t.co/KqxwONW4iK",1,1,musk has 238 million shares pledged in excess of the tesla bylaws if sells or is forced to sell just a minority portion of his holdings shares may crash elon musk is only a billionaire on paper,0
TSLA,2025-08-01 16:44:57+00:00,"$TSLA stock has been trading sideways for 4 years. 

 But the cars drive themselves now. https://t.co/O656O9byRc",0,0,stock has been trading sideways for 4 years but the cars drive themselves now,0
TSLA,2025-08-01 16:38:01+00:00,@AndrewShakes1 @AydenMMiller Tesla stock is lower than where it was 58 months ago. Don‚Äôt expect it to go higher now that its share of global EV market has plummeted from 70% to &lt;4% as superior rivals crush it. Get why insiders keep selling $TSLA shares and not buying any? https://t.co/ln7rRFo7qQ,0,0,tesla stock is lower than where it was 58 months ago don‚Äôt expect it to go higher now that its share of global ev market has plummeted from 70 to lt4 as superior rivals crush it get why insiders keep selling shares and not buying any,-1
TSLA,2025-08-01 16:37:57+00:00,@Ledge_Andary @AydenMMiller Tesla stock is lower than where it was 58 months ago. Don‚Äôt expect it to go higher now that its share of global EV market has plummeted from 70% to &lt;4% as superior rivals crush it. Get why insiders keep selling $TSLA shares and not buying any? https://t.co/ln7rRFo7qQ,0,0,tesla stock is lower than where it was 58 months ago don‚Äôt expect it to go higher now that its share of global ev market has plummeted from 70 to lt4 as superior rivals crush it get why insiders keep selling shares and not buying any,-1
TSLA,2025-08-01 16:37:07+00:00,One of the big Tesla accounts should consider running a poll asking shareholders if they think Elon should start buying back the TSLA shares he sold for Twitter to regain some of the control he gave up (voluntarily and notwithstanding his pledge to be first in last out) now that,25,4,one of the big tesla accounts should consider running a poll asking shareholders if they think elon should start buying back the tsla shares he sold for twitter to regain some of the control he gave up voluntarily and notwithstanding his pledge to be first in last out now that,0
TSLA,2025-08-01 16:35:01+00:00,@Lucia7248590816 @AydenMMiller Tesla stock is lower than where it was 58 months ago. Don‚Äôt expect it to go higher now that its share of global EV market has plummeted from 70% to &lt;4% as superior rivals crush it. Get why insiders keep selling $TSLA shares and not buying any? https://t.co/F0UBRMWZDK,0,0,tesla stock is lower than where it was 58 months ago don‚Äôt expect it to go higher now that its share of global ev market has plummeted from 70 to lt4 as superior rivals crush it get why insiders keep selling shares and not buying any,-1
TSLA,2025-08-01 16:34:55+00:00,@RandyWitt @AydenMMiller Tesla stock is lower than where it was 58 months ago. Don‚Äôt expect it to go higher now that its share of global EV market has plummeted from 70% to &lt;4% as superior rivals crush it. Get why insiders keep selling $TSLA shares and not buying any? https://t.co/F0UBRMWZDK,0,0,tesla stock is lower than where it was 58 months ago don‚Äôt expect it to go higher now that its share of global ev market has plummeted from 70 to lt4 as superior rivals crush it get why insiders keep selling shares and not buying any,-1
TSLA,2025-08-01 16:34:44+00:00,@dbielecki @AydenMMiller Tesla stock is lower than where it was 58 months ago. Don‚Äôt expect it to go higher now that its share of global EV market has plummeted from 70% to &lt;4% as superior rivals crush it. Get why insiders keep selling $TSLA shares and not buying any? https://t.co/F0UBRMWZDK https://t.co/l6auJKESfV,0,0,tesla stock is lower than where it was 58 months ago don‚Äôt expect it to go higher now that its share of global ev market has plummeted from 70 to lt4 as superior rivals crush it get why insiders keep selling shares and not buying any,-1
TSLA,2025-08-01 16:21:41+00:00,"$TSLA stock has been trading sideways for 4 years.

But the cars drive themselves now. https://t.co/yKxJ0xIL9F",482,26,stock has been trading sideways for 4 years but the cars drive themselves now,0
TSLA,2025-08-01 16:20:47+00:00,"Seems pretty clear that Tesla adding new vehicles or expanding the service area will not move $TSLA stock significantly. The real signal for the stock is removing the safety driver.

I don‚Äôt think they get there with the current version of software, v13.3. They will need the next",1,0,seems pretty clear that tesla adding new vehicles or expanding the service area will not move stock significantly the real signal for the stock is removing the safety driver i don‚Äôt think they get there with the current version of software v133 they will need the next,0
TSLA,2025-08-01 15:58:09+00:00,"Amazing, for those who pressing $tsla price to create a short term illusion, time to buy back your position is very little and likely you are missing them https://t.co/eeXSkr0D9r",1,0,amazing for those who pressing price to create a short term illusion time to buy back your position is very little and likely you are missing them,0
TSLA,2025-08-01 15:55:11+00:00,"If indeed the intention to give Elon 25% Voting power, then here‚Äôs the solution:

BUY BACK  $TSLA Shares he sold to buy another publicly traded company called Twitter as a CEO of publicly traded company !  

How ?!

Space X is approaching over 400B in valuation and he has over https://t.co/2MgdKlHhuj",96,11,if indeed the intention to give elon 25 voting power then here‚Äôs the solution buy back shares he sold to buy another publicly traded company called twitter as a ceo of publicly traded company how space x is approaching over 400b in valuation and he has over,0
TSLA,2025-08-01 15:47:25+00:00,I want to live an ordinary life and provide for my family &amp; see all of us healthy. I have very limited wants and my needs are always below the means. Only thing I want is more $TSLA shares! You do you.,0,0,i want to live an ordinary life and provide for my family amp see all of us healthy i have very limited wants and my needs are always below the means only thing i want is more shares you do you,0
TSLA,2025-08-01 15:41:00+00:00,"@Maldivawow Nope. And here Tesla FSD v13.2.9 attempts to smash through a closed road barrier, before the human driver intervenes.  Get why Tesla ‚Äúrobotaxis‚Äù are supervised and don‚Äôt operate on highways?  Why board chair Robyn Denholm sold nearly all her $TSLA stock?  https://t.co/fjOTcSPQix",1,0,nope and here tesla fsd v1329 attempts to smash through a closed road barrier before the human driver intervenes get why tesla ‚Äúrobotaxis‚Äù are supervised and don‚Äôt operate on highways why board chair robyn denholm sold nearly all her stock,0
TSLA,2025-08-01 15:40:53+00:00,"@Maldivawow ‚ÄúFSD 13.2.9 charges toward a busy intersection with dead traffic lights, no sign of stopping. Had to disengage to avoid chaos.‚Äù  Get why Tesla board chair Robyn Denholm sold nearly all her $TSLA stock?   https://t.co/EPRvqpBwES",1,0,‚Äúfsd 1329 charges toward a busy intersection with dead traffic lights no sign of stopping had to disengage to avoid chaos‚Äù get why tesla board chair robyn denholm sold nearly all her stock,0
TSLA,2025-08-01 15:25:29+00:00,"@Maldivawow Most drivers only need highway driving assistance; radar-based advanced driving systems from Lucid, Lexus / Toyota $TM, GM $GM, Ford $F, Mercedes, Audi $VWAGY offer better solutions than Tesla $TSLA 

Get why Tesla board chair Robyn Denholm sold nearly all her $TSLA stock?",0,0,most drivers only need highway driving assistance radarbased advanced driving systems from lucid lexus toyota gm ford mercedes audi offer better solutions than tesla get why tesla board chair robyn denholm sold nearly all her stock,0
TSLA,2025-08-01 15:23:38+00:00,@Maldivawow Yet another instance of dithering buffoon ü§° Elon Musk‚Äôs perpetually defective / psychotic Tesla FSD v13.2.9 attempting a dangerous turn into oncoming traffic.  Get why Tesla board chair Robyn Denholm sold nearly all her $TSLA stock?  https://t.co/m6AUXKRqYC,2,1,yet another instance of dithering buffoon ü§° elon musk‚Äôs perpetually defective psychotic tesla fsd v1329 attempting a dangerous turn into oncoming traffic get why tesla board chair robyn denholm sold nearly all her stock,-1
TSLA,2025-08-01 15:23:24+00:00,@Maldivawow Tesla FSD almost kills family and proves why $TSLA was rated most dangerous car with highest accident fatality rate in the industry. Get why Tesla board chair Robyn Denholm sold nearly all her $TSLA stock?   https://t.co/lHE9RLfE5o,2,2,tesla fsd almost kills family and proves why was rated most dangerous car with highest accident fatality rate in the industry get why tesla board chair robyn denholm sold nearly all her stock,0
TSLA,2025-08-01 14:59:14+00:00,@CuriousPejjy @mrfundman Rome wasn‚Äôt built in a day! Keep building! I buy 2-3 $TSLA shares whenever I get paid every 2 weeks! üòç,1,0,rome wasn‚Äôt built in a day keep building i buy 23 shares whenever i get paid every 2 weeks üòç,0
TSLA,2025-08-01 14:50:32+00:00,"I love to see this loser's posts met with ""instant karma"" üòÑ!

He sold all his $TSLA stock some time back, and now he spends all his time justifying his disastrous decision!!

$PLTR https://t.co/ZqMy2RWH2D https://t.co/734W2tidCq",0,0,i love to see this losers posts met with instant karma üòÑ he sold all his stock some time back and now he spends all his time justifying his disastrous decision,-1
TSLA,2025-08-01 14:42:55+00:00,#tsla price earnings ratio too crazy.  Developments too slow. Promotions too loud. https://t.co/JEWMRztPeP,0,0,tsla price earnings ratio too crazy developments too slow promotions too loud,0
TSLA,2025-08-01 14:27:52+00:00,Big money wants your $TSLA shares https://t.co/7aHuIUNZGz,0,0,big money wants your shares,0
TSLA,2025-08-01 14:10:00+00:00,"üö® SELL ALERT 

Closing most stocks before we confirm a bottom of the market bleed.

$UNH $OSCR $SOUN $MARA $LMND $TTD $ZETA

A few winners but more losers here that wiped half of our unrealized gains for the month.

Still holding $250k in $TSLA shares. https://t.co/BlAPcIFdHB",4,0,üö® sell alert closing most stocks before we confirm a bottom of the market bleed a few winners but more losers here that wiped half of our unrealized gains for the month still holding in shares,-1
TSLA,2025-08-01 14:08:18+00:00,"@garyblack00 Great day to post all this when everything is red due to macro turbulence‚Ä¶ fiat managers busy are today fielding concerns from their clients while retail investoors with low-time preference are chilling, stacking fake magic internet money and TSLA shares",2,0,great day to post all this when everything is red due to macro turbulence‚Ä¶ fiat managers busy are today fielding concerns from their clients while retail investoors with lowtime preference are chilling stacking fake magic internet money and tsla shares,0
TSLA,2025-08-01 13:44:38+00:00,@garyblack00 Tsla will be all good. Fluctuation before taking off. Uber is doomed to die. Add more TSLA shares and Uber leap put.,0,0,tsla will be all good fluctuation before taking off uber is doomed to die add more tsla shares and uber leap put,0
