date,source,title,description,keyword
2025-07-11T15:00:11Z,Ritholtz.com,"MiB: Richard Bernstein, CEO / CIO of RBA","﻿     This week, I speak with Richard Bernstein, CEO and Chief Investment Officer of Richard Bernstein Advisors, which manages or advises on $15.7B in AUM focusing on Macro trends rather than individual stock selection. Rich has over 35 years′ experience on W…",S&P500
2025-07-09T18:52:10Z,Biztoc.com,"Stock Market Today: Dow up 150 points after Fed minutes suggest wait for tariff clarity, Nasdaq and S&P 500 near record highs",,S&P500
2025-07-09T20:10:41Z,Biztoc.com,Nasdaq closes at new record as stocks rally after Fed minutes point to rate cuts,,S&P500
2025-07-01T14:00:18Z,Biztoc.com,Dow industrials inching upward in kickoff to year’s second half — live updates,,S&P500
2025-07-15T07:55:10Z,Finextra,Corpay launches automated finance platform in UK,"Corpay, the global S&P500 corporate payments company trusted by thousands of businesses worldwide, has launched Corpay Complete in the UK, a powerful, all-in-one platform designed to streamline finance operations, automate payments, and deliver real-time cont…",S&P500
2025-07-23T10:35:46Z,Forbes,Trump Announces Japan Trade Deal With Lowered Tariffs Of 15%—U.S. Futures And Japanese Auto Stocks Rise,Trump initially threatened a 25% tariff rate for Japan that would have gone into effect in August.,S&P500
2025-07-31T13:00:21Z,Forbes,Bitcoin Treasury Companies Are The New Altcoins,Why have altcoins struggled to keep pace with Bitcoin? Because a new set of stars has eclipsed their role this cycle: bitcoin treasury companies.,S&P500
2025-07-21T13:14:41Z,Bitcoinist,Strategy’s $71B BTC Bet Puts It Near S&P500 — What It Means for Bitcoin Hyper,"Strategy (formerly MicroStrategy) just pulled off a flex that few saw coming—it’s officially leapfrogged tech titan Nvidia in corporate treasury value, and it’s all thanks to one thing: a relentless $BTC buying spree. With over $71B worth of Bitcoin on the bo…",S&P500
2025-07-29T15:57:34Z,Forbes,“Trump Accounts” Are The Next Generation’s First Steps Toward Financial Independence,"New federal law creates $1,000 investment accounts for all babies born 2025-2028. Parents can contribute $5K annually. Could mean $360K by age 18 for full participation.",S&P500
2025-07-06T17:18:34Z,Biztoc.com,S&P500 vs Nifty 50 For Retirees?,"The S&P 500 is one of the most recognized benchmarks in the global stock market. This index gives investors exposure to the top 500 U.S. companies based on market cap. The stocks in this index must be profitable, and it replaces some laggards with qualifying …",S&P500
2025-07-20T15:05:53Z,Seeking Alpha,"Weekly top industrial gainers and losers: GE Vernova gains most, Builders FirstSource lags","With earnings season in full swing last week, only eight companies in the sector have reported so far. The Industrial Select Sector SPDR Fund ETF (XLI) closed f",S&P500
2025-07-30T07:16:51Z,ETF Daily News,Assetmark Inc. Reduces Position in ProShares Ultra S&P500 (NYSEARCA:SSO),"Assetmark Inc. cut its holdings in shares of ProShares Ultra S&P500 (NYSEARCA:SSO – Free Report) by 92.4% during the 1st quarter, HoldingsChannel reports. The institutional investor owned 37,540 shares of the real estate investment trust’s stock after selling…",S&P500
2025-07-12T19:30:09Z,Bitcoinist,Proof Of Power: Bitcoin Dwarfs S&P 500 With Nearly 100% Edge Since 2012—Data,"Bitcoin is flexing its muscle. The S&P 500 Index closed at 6,280 on July 10, 2025, marking a 6% year‑to‑date gain in dollar terms. The benchmark even set fresh records this week. Yet priced in Bitcoin, that same index sits about 15% lower so far this year. Th…",S&P500
2025-07-14T00:00:24Z,Ambcrypto.com,Central banks buying Bitcoin? The quiet exposure no one’s talking about,The Czech Central Bank’s equity play now tracks Bitcoin. Here's why direct buying may be next.,S&P500
2025-07-22T15:40:31Z,Biztoc.com,Neoliberal Economic Orthodoxy Is Now Up For Review,"Neoliberal Economic Orthodoxy Is Now Up For Review
 
By Benjamin Picton, Senior Market Strategist at Rabobank
Equities again struggled for direction on a day with very little consequential economic data. US indices closed mixed with the Dow slightly in the re…",S&P500
2025-07-07T08:00:00Z,Dividendgrowthinvestor.com,Returns of S&P 500 Index Stocks by Dividend Policy,"I am a big fan of Dividend Growth Investing. I like the mental model of Dividend Growth Investing, where a rising stream of annual dividend ...",S&P500
2025-07-01T23:37:51Z,Biztoc.com,Why the Dow is surging as S&P 500 and Nasdaq stall,,S&P500
2025-07-23T20:05:57Z,Biztoc.com,"Dow regains 45,000, ends just shy of record ahead of Tesla, Alphabet earnings",,S&P500
2025-07-30T19:36:28Z,Biztoc.com,Probability of September rate cut slips below 50% during Powell's remarks,,S&P500
2025-07-01T20:18:03Z,Biztoc.com,"Dow closes up 400 points, while S&P 500 and Nasdaq slip from record highs",,S&P500
2025-07-22T20:09:32Z,Biztoc.com,"S&P ends at fresh record high, Nasdaq falls as Big Tech earnings approach",,S&P500
2025-07-12T00:00:51Z,Bitcoinist,Tokenized Assets? SEC Says They Still Fall Under Securities – ‘Crypto Mom’ Speaks,"According to a Wednesday statement by SEC commissioner Hester ‘Crypto Mom’ Peirce, any firm eyeing tokenized securities must talk to regulators before moving forward. Peirce, who leads the agency’s crypto task force, warned that blockchain does not change wha…",S&P500
2025-07-22T12:41:27Z,Biztoc.com,Powell doesn't comment on economy or interest rates in brief remarks,,S&P500
2025-07-08T20:16:04Z,Biztoc.com,Dow ends 165 points lower as U.S. stocks again feel weight of tariff uncertainty,,S&P500
2025-07-24T10:30:33Z,Biztoc.com,"S&P 500 eyes record open, IBM to weigh on Dow, Nasdaq to shake off Tesla results",,S&P500
2025-07-09T14:34:17Z,Biztoc.com,Trump insists Fed has left interest rates three percentage points too high,,S&P500
2025-07-08T18:11:58Z,Biztoc.com,Copper prices settle at record high after Trump's tariff talk,,S&P500
2025-07-01T19:22:24Z,Biztoc.com,Why is the Dow surging while the S&P 500 and Nasdaq are stalling? Follow live,,S&P500
2025-07-24T11:02:17Z,Biztoc.com,Investor optimism about the stock market falls for a third straight week,,S&P500
2025-07-24T21:38:28Z,Biztoc.com,"Dow futures down 290 points as UnitedHealth confirms DOJ probe, investors shrug off jobless claims",,S&P500
2025-07-08T20:39:01Z,Biztoc.com,"Stock Market News, July 8, 2025: Dow ends down over 160 points, S&P 500 and Nasdaq remain flat after Trump says 'no extensions' after Aug. 1 tariff deadline",,S&P500
2025-07-22T10:18:54Z,ETF Daily News,Cwm LLC Boosts Holdings in ProShares Short S&P 500 (NYSEARCA:SH),"Cwm LLC grew its stake in shares of ProShares Short S&P 500 (NYSEARCA:SH – Free Report) by 4,884.8% during the 1st quarter, according to its most recent 13F filing with the SEC. The institutional investor owned 23,030 shares of the real estate investment trus…",S&P500
2025-07-21T08:09:07Z,ETF Daily News,Signaturefd LLC Grows Stock Holdings in ProShares UltraPro S&P 500 (NYSEARCA:UPRO),"Signaturefd LLC raised its position in shares of ProShares UltraPro S&P 500 (NYSEARCA:UPRO – Free Report) by 39.8% during the first quarter, according to its most recent disclosure with the Securities & Exchange Commission. The institutional investor owned 1,…",S&P500
2025-07-10T08:35:07Z,ETF Daily News,World Investment Advisors Boosts Holdings in ProShares UltraPro S&P 500 (NYSEARCA:UPRO),"World Investment Advisors increased its stake in shares of ProShares UltraPro S&P 500 (NYSEARCA:UPRO – Free Report) by 40.5% in the first quarter, according to its most recent Form 13F filing with the SEC. The fund owned 6,554 shares of the company’s stock af…",S&P500
2025-07-01T08:16:50Z,ETF Daily News,"Golden State Wealth Management LLC Has $66,000 Position in ProShares Short S&P 500 (NYSEARCA:SH)","Golden State Wealth Management LLC increased its holdings in shares of ProShares Short S&P 500 (NYSEARCA:SH – Free Report) by 100.0% during the first quarter, according to its most recent Form 13F filing with the Securities and Exchange Commission. The instit…",S&P500
2025-07-17T10:36:45Z,CryptoSlate,"Coinbase’s new Base ‘super app’ puts trading, payments, social and AI under one roof","For years, crypto advocates have insisted that blockchains would one day power everything from messaging to micro‑payments. Coinbase now claims that the future is arriving, inside a single icon on your phone. On 16 July, the exchange quietly began rolling out…",S&P500
2025-07-22T07:29:51Z,The Times of India,Top penny cryptos to buy now before the next bull run,"The article highlights Snorter Bot, Best Wallet, TOKEN6900, and SUBBD as potential leaders in the next crypto bull run. Snorter Bot offers Telegram-based crypto tools. Best Wallet aims to be a comprehensive crypto app. TOKEN6900 focuses on meme culture. SUBBD…",S&P500
2025-07-22T12:32:07Z,Financial Post,Corpay Cross-Border Named the Official FX Partner of the FIM World Supercross Championship,"Providing access to currency risk management and cross-border payments solutions TORONTO — Corpay, Inc.*, (NYSE: CPAY) a global leader in corporate payments, is pleased to announce that Corpay’s Cross-Border business has entered into an agreement with the FIM…",S&P500
2025-07-29T12:38:19Z,Financial Post,Corpay Cross-Border Named the Official FX Partner of Sunderland AFC,"Providing access to currency risk management and cross-border payments solutions TORONTO — Corpay, Inc.*, (NYSE: CPAY) a global leader in corporate payments, is pleased to announce that Corpay’s Cross-Border business has entered into an agreement with Sunderl…",S&P500
2025-07-10T10:13:32Z,The Times of India,These underpriced altcoins might be the next big thing,"The article highlights three altcoins with potential for high gains. Snorter Bot, a Telegram trading bot, has raised over $1.5 million in its presale. TOKEN6900, a meme coin, embraces internet culture and offers passive income. Bitcoin Hyper, a Layer 2 soluti…",S&P500
2025-07-11T03:31:00Z,The Times of India,"ETMarkets Smart Talk | IT sector set for 2H25 comeback backed by low base, global tailwinds: Ambit Capital","Ambit Capital suggests India's IT sector is poised for a revival in late 2025, driven by seasonality and global tech demand. The market favors large-caps and stock pickers due to muted returns and rising concentration. Experts recommend defensive sectors like…",S&P500
2025-07-15T21:00:00Z,New Zealand Herald,How investors can stack the odds in their favour in uncertain times - Harry Smith,"This year, global share markets remain near all-time highs despite uncertainties.",S&P500
2025-07-25T17:00:00Z,New Zealand Herald,Should parents be able to see their adult children’s bank accounts? – Mary Holm,OPINION: There's a difference between young children's accounts and over 18-year-olds.,S&P500
2025-07-29T17:31:51Z,Yahoo Entertainment,Top Dividend Stocks To Consider In July 2025,"As the S&P 500 and Nasdaq continue to hit record highs amidst a wave of corporate earnings reports, investors are keenly watching the Federal Reserve's...",NASDAQ
2025-07-08T23:04:07Z,Yahoo Entertainment,"Stock market today: Dow, S&P 500, Nasdaq futures waver as Trump ratchets up trade tensions",US stock futures wavered as President Trump ratcheted up trade tensions with US trade partners.,NASDAQ
2025-07-07T00:16:24Z,Yahoo Entertainment,"Stock market today: Dow, S&P 500, Nasdaq futures fall as Trump warns of 10% BRICS tariff, deals deadline looms",,NASDAQ
2025-07-09T08:20:22Z,Yahoo Entertainment,FTSE 100 LIVE: Stocks rise and US copper prices hit record high as Donald Trump threatens 50% tariff,The US president also threatened to slap tariffs of up to 200% on pharmaceutical imports.,NASDAQ
2025-07-23T15:18:23Z,Business Insider,The DORKs are popular this week. Here's the new class of meme stocks retail traders are pumping to the moon.,"Meme stocks are back. Jolted by a sudden surge in Opendoor stock last week, a handful of other shares have ripped higher on interest from retail traders.",NASDAQ
2025-07-09T17:25:45Z,TheStreet,"Cathie Wood, who dumped surging stock, calls it crypto’s ‘ChatGPT moment’","Cathie Wood said she agreed with Tom Lee that Circle's IPO is crypto's ""ChatGPT moment""",NASDAQ
2025-07-03T06:03:56Z,Business Insider,"Trump didn't just cut a deal with Vietnam — he was targeting China, too",President Donald Trump announced a trade deal with Hanoi that would levy 20% on imports and a 40% tariff on transshipment from Vietnam.,NASDAQ
2025-07-18T21:45:05Z,Yahoo Entertainment,UnitedHealth Group (UNH) Sees a More Significant Dip Than Broader Market: Some Facts to Know,"UnitedHealth Group (UNH) closed the most recent trading day at $282.65, moving 1.88% from the previous trading session.",NASDAQ
2025-07-21T21:45:04Z,Yahoo Entertainment,"SoundHound AI, Inc. (SOUN) Stock Drops Despite Market Gains: Important Facts to Note","SoundHound AI, Inc. (SOUN) closed at $11.7 in the latest trading session, marking a -8.67% move from the prior day.",NASDAQ
2025-07-07T21:45:04Z,Yahoo Entertainment,Super Micro Computer (SMCI) Sees a More Significant Dip Than Broader Market: Some Facts to Know,"The latest trading day saw Super Micro Computer (SMCI) settling at $47.11, representing a -2.99% change from its previous close.",NASDAQ
2025-07-10T22:00:04Z,Yahoo Entertainment,"Rigetti Computing, Inc. (RGTI) Stock Declines While Market Improves: Some Information for Investors","Rigetti Computing, Inc. (RGTI) closed the most recent trading day at $13.03, moving 3.55% from the previous trading session.",NASDAQ
2025-07-07T20:05:19Z,ABC News,Dow closes down 420 points as Trump unveils new tariffs,"Stocks closed down significantly on Monday after President Donald Trump announced steep tariffs on Japan, South Korea and other nations, set to take effect on Aug. 1.",NASDAQ
2025-07-28T01:16:27Z,Yahoo Entertainment,Stocks cheer the art of Trump's trade deals after EU agreement,SINGAPORE (Reuters) -Global stocks rose and the euro firmed on Monday after a trade agreement between the United States and the EU lifted sentiment and...,NASDAQ
2025-07-16T06:10:01Z,Techmeme.com,"SharpLink Gaming, a Nasdaq-listed online gambling marketing company, becomes the largest corporate ether holder with 280,706 ETH, surpassing Ethereum Foundation (Naga Avan-Nomayo/The Block)","Naga Avan-Nomayo / The Block:
SharpLink Gaming, a Nasdaq-listed online gambling marketing company, becomes the largest corporate ether holder with 280,706 ETH, surpassing Ethereum Foundation  —  - SharpLink ups its treasury to 280,706 ETH after a $156 M buyin…",NASDAQ
2025-07-08T09:37:48Z,R-bloggers.com,Predicting the NASDAQ 100 with Hyperparameter Tuning,Pressure on the markets has intensified ahead of the Wednesday deadline for trade deals. We will model monthly Nasdaq 100 data with the Federal Funds Effective Rate and the Unemployment Rate. We will use Boosted trees with hyperparameter tuning. According to …,NASDAQ
2025-07-22T14:28:48Z,Forbes,Will Nasdaq Stock Move On Its Approachinging Earnings?,"Nasdaq is expected to release its earnings on July 24, covering a quarter that experienced a surge in the Nasdaq 100 index and U.S. stocks, reaching all-time high.",NASDAQ
2025-07-27T09:00:00Z,NPR,Here's a puzzling question: Why are stocks at record highs despite looming tariffs?,President Trump's tariffs could hit the economy badly and lead to higher inflation. But Wall Street investors are reacting by sending stocks to record highs.,NASDAQ
2025-07-30T16:57:12Z,Yahoo Entertainment,Analyst Report: Nasdaq Inc,,NASDAQ
2025-07-07T17:31:47Z,Yahoo Entertainment,3 Dividend Stocks To Consider With Up To 7.2% Yield,"As U.S. markets navigate the complexities of trade tensions and potential tariff reimpositions, investors are keeping a close watch on the Dow Jones, S&P 500...",NASDAQ
2025-07-15T15:52:55Z,CoinDesk,"Why ‘ETH Is Going to $10,000,' Explains EMJ Capital Founder and President","Eric Jackson, the founder and president of EMJ Capital, a Toronto-based hedge fund, explains why his firm believes that ether (ETH) is going to $10,000 in...",NASDAQ
2025-07-24T14:07:18Z,Forbes,Will Q2 Results Move Charter Communications' Stock Up?,"Charter Communications (NASDAQ: CHTR) is scheduled to release its fiscal second-quarter earnings on Friday, July 25, 2025.",NASDAQ
2025-07-11T10:19:52Z,Gizmodo.com,Crypto Is on Fire as Bitcoin Nears $120K in Unstoppable Surge,"Fueled by Trump’s pressure on the Fed and a tidal wave of investor optimism, the world’s most famous cryptocurrency is on an unstoppable run.",NASDAQ
2025-07-31T20:06:42Z,Biztoc.com,Live: Will Apple (Nasdaq: AAPL) Jump After Earnings Today?,"Live Updates
 
 Live Coverage
 Updates appear automatically as they are published.
 
 
 
 
 
 
Let's Get This Party Started
 
 
 4:01 pm
 
 
 
 
The market has closed and we’re watching for earnings. We’ll update this live blog as soon as we see Apple earning…",NASDAQ
2025-07-21T14:09:34Z,Biztoc.com,The Nasdaq Is on Pace for Another Record,,NASDAQ
2025-07-16T10:17:06Z,Biztoc.com,"S&P 500, Nasdaq futures slip on rate, tariff concerns",,NASDAQ
2025-07-04T01:50:18Z,The Times of India,"S&P 500, Nasdaq close at records on jobs data; Nvidia market cap nears $4 trillion","Wall Street saw record highs as Nvidia neared a $4 trillion valuation. A strong US jobs report boosted investor confidence. The S&P 500 and Nasdaq closed at record levels, marking a third week of gains. The Dow also closed higher. However, chances of an inter…",NASDAQ
2025-07-16T01:51:29Z,The Times of India,Nasdaq ends at another record high on Nvidia's China chip cheer,"Nasdaq achieved a record close, driven by Nvidia's stock surge. Other Wall Street indices faced declines. A key inflation report and bank earnings announcements occurred. Consumer prices saw a significant increase. Banking stocks experienced volatility. JPMor…",NASDAQ
2025-07-01T18:10:32Z,Forbes,"Stocks This Week: Perfect Storm Of Tariffs, Jobs And Interest Rates News","The S&P 500, NASDAQ Composite and the Dow Jones Industrial Average showed mixed results Tuesday morning as investors absorb news on tariffs, jobs, and interest rates.",NASDAQ
2025-07-16T13:52:56Z,Forbes,Trading Revenues Drive Bank Earnings; Wholesale Prices Muted,"Markets fell Tuesday except for the Nasdaq, boosted by Nvidia’s surge. CPI data showed inflationary pressure, while banks reported strong earnings driven by trading revenue.",NASDAQ
2025-07-29T10:32:31Z,Forbes,Celcuity: What’s Happening With CELC Stock?,"Celcuity stock (NASDAQ: CELC), a clinical-stage biotechnology company, experienced an extraordinary 3x surge in a single trading session, with shares rocketing from...",NASDAQ
2025-07-29T15:17:13Z,Forbes,Equities March Higher While Fed Asserts Its Independence,"Once again, equities rose for the week (ended July 25th) with the S&P 500 nearly 1.5%, the Nasdaq just over 1.0%, the Dow just under 1.3%...",NASDAQ
2025-07-18T12:59:11Z,Forbes,Netflix Earnings Beat; Powell To Speak On Tuesday,Stocks rose with S&P and Nasdaq hitting records. Netflix beat earnings but dropped. Crypto gained clarity as Congress passed major digital asset and stablecoin legislation.,NASDAQ
2025-07-01T00:35:50Z,Forbes,"5 Dow Jones Industrial Stocks Declining In Price, Not Rallying",The Dow Jones Industrial Average has not yet joined the “new highs” crowd. Although the S&P 500 and the Nasdaq 100 achieved it last week...,NASDAQ
2025-07-16T15:50:48Z,Biztoc.com,Klotho Clears Nasdaq Hurdle—KLTO Stock Remains On The Big Board,"Klotho Neurosciences, Inc. (NASDAQ:KLTO) announced on Wednesday that it has received notification from Nasdaq that KLTO stock has full compliance with all continued listing requirements and will remain listed and traded on the Nasdaq Stock Market
What To Know…",NASDAQ
2025-07-18T18:50:03Z,Biztoc.com,Nasdaq Files Application To Add Staking For BlackRock iShares ETH ETF,"Nasdaq Files Application To Add Staking For BlackRock iShares ETH ETF
 
Authored by Vince Quill via CoinTelegraph.com,
The Nasdaq stock exchange filed an application with the US Securities and Exchange Commission (SEC) on Wednesday on behalf of BlackRock to a…",NASDAQ
2025-07-26T12:34:14Z,Biztoc.com,"Dow Jones Futures: Meta, Amazon, Fed, Trump Tariffs Ahead; Tesla Robotaxi Or Just Taxi?","Dow Jones futures will open Sunday evening, along with S&P 500 futures and Nasdaq futures. Huge tech earnings, a Fed meeting and Trump tariff deadlines all loom in a huge week. The stock market rally continued to advance last week, with the S&P 500 and Nasdaq…",NASDAQ
2025-07-18T22:06:43Z,Biztoc.com,NBA Champ Tristan Thompson's Key Investment Rule,NBA forward Tristan Thompson joined Forbes senior writer Jabari Young on The Enterprise Zone at the Nasdaq MarketSite.,NASDAQ
2025-07-30T23:27:42Z,Yahoo Entertainment,"Stock market today: Nasdaq, Dow, S&P 500, Nasdaq futures jump as Big Tech earnings, trade deals lift spirits",,NASDAQ
2025-07-04T17:44:15Z,Yahoo Entertainment,Wall Street was expecting a TACO Tuesday. But Dow futures fall 250 points after Trump says he will set tariffs as high as 70%,"Trump said that about “10 or 12” tariff letters would go out Friday, with additional letters coming “over the next few days.”",NASDAQ
2025-07-08T01:23:14Z,Forbes,Healthcare ETF Underperforms S&P 500: Price Charts Show How Much,"The big healthcare stocks are not keeping up with wider stock market. When the S&P 500 and the Nasdaq 100 recently popped to new highs, this sector vastly underperformed.",NASDAQ
2025-07-01T01:10:42Z,Forbes,Equity Prices Rise To Record Levels Even As The Economy Slows,"On Friday (June 27th), both the S&P 500 and the Nasdaq closed at record levels. This occurred despite growing evidence of a slowing economy and continued trade angst.",NASDAQ
2025-07-31T13:34:02Z,Forbes,What’s Happening With AEye Stock?,"AEye stock (NASDAQ: LIDR) had a solid July, rising by close to 240% over the month, although the stock has retraced by about 12% over the last five trading days.",NASDAQ
2025-07-01T16:48:04Z,Yahoo Entertainment,Fed chief blames Trump tariffs for freeze in rate cuts,The chairman of the US Federal Reserve has blamed Donald Trump’s tariffs for preventing him from cutting interest rates.,NASDAQ
2025-07-25T20:56:27Z,Deadline,Paramount & Skydance Announce Merger Closing Date,Paramount Global and Skydance Media said today the merger inked a year ago and approved by the FCC yesterday is expected to close on August 7. The deal partners also announced that shares of Class B common stock of what’s being called New Paramount will begin…,NASDAQ
2025-07-24T12:02:33Z,Yahoo Entertainment,Nasdaq profit beats estimates as volatile markets lift trading volumes,"U.S. markets were roiled during the quarter due to President Donald Trump's aggressive tariff announcements, renewed tensions in the Middle East and...",NASDAQ
2025-07-24T14:57:32Z,Yahoo Entertainment,"NASDAQ CEO on Meme-stocks, AI, and IPOs","Adena Friedman, NASDAQ Chair & CEO tells Open Interest that retail investors have been very active, bringing a new generation of resilient investors to the...",NASDAQ
2025-07-16T10:11:15Z,Yahoo Entertainment,"S&P 500, Nasdaq futures slip on rate, tariff concerns",U.S. semiconductor equipment makers were down after ASML warned it may not achieve growth in 2026 because of U.S. tariff uncertainty.  Applied Materials and ...,NASDAQ
2025-07-17T16:46:35Z,Biztoc.com,CorpGov to Join Forward Global Celebration of NY Office Launch at Nasdaq,,NASDAQ
2025-07-01T19:11:27Z,Biztoc.com,Why the Dow Is Crushing the S&P 500 and Nasdaq,,NASDAQ
2025-07-21T19:33:12Z,Biztoc.com,Stock Market Breadth Just Fell Off a Cliff. Telecom and Chip Stocks Lift the Nasdaq,,NASDAQ
2025-07-21T17:19:41Z,Biztoc.com,The Nasdaq is partying like it’s 1999. Why that might signal a stock-market selloff ahead,,NASDAQ
2025-07-09T20:10:41Z,Biztoc.com,Nasdaq closes at new record as stocks rally after Fed minutes point to rate cuts,,NASDAQ
2025-07-30T14:34:36Z,Biztoc.com,Meta Platforms (NASDAQ: META) Price Prediction and Forecast 2025-2030 for July 30,"Shares of Meta Platforms Inc. (NASDAQ: META) lost 2.00% over the past five trading sessions, but the Magnificent Seven mainstay has still enjoyed a 17.19% year-to-date gain. The company plans to report Q2 earnings on July 30 after market close. Recently, the …",NASDAQ
2025-07-30T14:34:36Z,Biztoc.com,Amazon Stock (NASDAQ: AMZN) Price Prediction and Forecast 2025-2030 for July 30,"Shares of Amazon.com Inc. (NASDAQ: AMZN) gained 1.10% over the past five trading sessions. Over the past month, the stock is up 5.30%, bringing its year-to-date gain to 4.90%. On July 1, it was reported that AMZN founder Jeff Bezos sold nearly 3 million share…",NASDAQ
2025-07-24T13:49:27Z,Biztoc.com,"Dow opens lower while Nasdaq climbs; Tesla stock slumps, Alphabet's rises",,NASDAQ
2025-07-08T06:56:52Z,CoinDesk,Coinbase Recovers to Listing Day Valuation. What Next for COIN?,"Shares in Coinbase recently surged to $380, reaching valuations last seen during its Nasdaq debut in April 2021.",NASDAQ
2025-07-17T16:46:32Z,Biztoc.com,"Dow, S&P 500 post gains after builder data","The Dow Jones Industrial Average and the S&P 500 turned green after opening flat, while the Nasdaq 100 extended its gains on Thursday following the reveal of an improvement in builder confidence. ...",NASDAQ
2025-07-21T19:39:29Z,Forbes,S&P 500 And Nasdaq Set New Record Highs—Here’s Why Wall Street Expects Rally Could Climb Further,One analyst warned of “intense investor FOMO” as stocks exploited “continued good news.”,NASDAQ
2025-07-27T06:18:11Z,Economictimes.com,Domestic vs Global: International mutual funds take lead with up to 6% weekly returns,International mutual funds outshone their Indian counterparts and offered up to 6% weekly returns last week (July 21 to July 25). Here is a detailed breakup of the top 10 performers (Data Source: ACE MF) Weekly review,NASDAQ
2025-07-02T15:12:49Z,CoinDesk,"Defi Dev Hikes Convertible Note Offering to $112M for Buyback, More SOL Purchase",The Nasdaq-listed firm upsized its note offering from $100 million as it ramps up its Solana-focused crypto treasury strategy.,NASDAQ
2025-07-08T10:06:51Z,Yahoo Entertainment,‘The Next Leg Up Is Coming’: Daniel Ives Suggests 3 Tech Stocks to Buy,"After a rocky start to the year, the tech-heavy NASDAQ has staged a remarkable comeback – 35% since its April low. This powerful rebound highlights both the ...",NASDAQ
2025-07-02T04:43:10Z,Yahoo Entertainment,US stocks hit another record as Tesla and Nike rally,"The Dow Jones Industrial Average edged down by 10 points, or less than 0.1%, and the Nasdaq composite gained 0.9%.  Constellation Brands climbed 4.5% despite...",NASDAQ
2025-07-14T14:12:17Z,Barchart.com,Latest Tariff Threats Weigh on Stocks,"The S&P 500 Index ($SPX ) (SPY ) today is down -0.21%, the Dow Jones Industrials Index ($DOWI ) (DIA ) is down -0.05%, and the Nasdaq 100 Index ($IUXX ) (QQQ...",NASDAQ
2025-07-14T09:54:35Z,Barchart.com,"Stocks Set to Open Lower as Trump Ratchets Up Tariff Threats, U.S. Inflation Data and Big Bank Earnings Awaited","September S&P 500 E-Mini futures (ESU25) are down -0.29%, and September Nasdaq 100 E-Mini futures (NQU25) are down -0.30% this morning, pointing to a lower...",NASDAQ
2025-07-17T16:47:57Z,Yahoo Entertainment,GameSquare ETH Strategy Quickens With $70 Million Offering,"By Exec Edge Editorial Staff GameSquare Holdings (NASDAQ: GAME) said it completed a $70 million public offering, fueling a major expansion into decentralized...",NASDAQ
2025-07-02T14:14:06Z,Barchart.com,Stocks Mixed on Weak US Labor Market News,"The S&P 500 Index ($SPX ) (SPY ) today is up +0.03%, the Dow Jones Industrials Index ($DOWI ) (DIA ) is down -0.16%, and the Nasdaq 100 Index ($IUXX ) (QQQ )...",NASDAQ
2025-07-16T13:38:55Z,Yahoo Entertainment,"H.C. Wainwright Reiterates a Buy Rating on Viking Therapeutics (VKTX), Sets a $102 PT","Viking Therapeutics, Inc. (NASDAQ:VKTX) is one of the best oversold NASDAQ stocks to buy now. On June 30, H.C. Wainwright analyst Joseph Pantginis reiterated...",NASDAQ
2025-07-15T21:02:41Z,Barchart.com,Stocks Fade as Expectations are Trimmed for Fed Rate Cut in September,"The S&P 500 Index ($SPX ) (SPY ) on Tuesday closed down -0.40%, the Dow Jones Industrials Index ($DOWI ) (DIA ) closed down -0.98%, and the Nasdaq 100 Index ...",NASDAQ
2025-07-10T20:54:39Z,Barchart.com,S&P 500 Climbs to a Record High Despite Tariff Uncertainty,"The S&P 500 Index ($SPX ) (SPY ) Thursday closed up +0.27%, the Dow Jones Industrials Index ($DOWI ) (DIA ) closed up +0.43%, and the Nasdaq 100 Index ($IUXX...",NASDAQ
2025-07-18T14:10:26Z,Barchart.com,Stocks See Support from Dovish Fed Official Comment,"The S&P 500 Index ($SPX ) (SPY ) today is up +0.18%, the Dow Jones Industrials Index ($DOWI ) (DIA ) is down -0.18%, and the Nasdaq 100 Index ($IUXX ) (QQQ )...",NASDAQ
2025-07-30T13:57:09Z,Barron's,Oil Futures Add to Gains on Russia Sanction Threats,"The Dow, S&P 500, and Nasdaq are rising as the stock market focuses on the Federal Reserve's coming interest-rate decision.",NASDAQ
2025-07-24T14:12:11Z,Barchart.com,Stocks Supported by Strong Earnings from Alphabet,"The S&P 500 Index ($SPX ) (SPY ) today is up +0.08%, the Dow Jones Industrials Index ($DOWI ) (DIA ) is down -0.67%, and the Nasdaq 100 Index ($IUXX ) (QQQ )...",NASDAQ
2025-07-25T10:10:31Z,Yahoo Entertainment,"S&P 500, Nasdaq close at records; Deckers soars on UGG demand","(Reuters) -The S&P 500 and Nasdaq notched record high closes on Friday, lifted by optimism the U.S. could soon reach a trade deal with the European Union...",NASDAQ
2025-07-24T14:13:34Z,Barron's,The Bond Market Is Calm. What Could Cause Yields to Break Out.,"The Dow, S&P 500, and Nasdaq are mixed Thursday as the stock market reacts to earnings from IBM, Tesla, and Alphabet.",NASDAQ
2025-07-30T15:10:22Z,Barchart.com,The Federal Reserve Leaves Rates Unchanged,"The S&P 500 Index ($SPX ) (SPY ) today is up +0.20%, the Dow Jones Industrials Index ($DOWI ) (DIA ) is up +0.01%, and the Nasdaq 100 Index ($IUXX ) (QQQ...",NASDAQ
2025-07-03T10:00:45Z,USA Today,"S&P 500, Nasdaq hit records as stock market closes up on strong jobs data, tax bill vote",US stocks close higher after strong jobs data. S&P 500 and Nasdaq reach records. Mega tax bill is likely to pass. Trump tariff deadline is next week.,NASDAQ
2025-07-09T13:58:16Z,Barchart.com,Stocks See Support as Investors Await Tariff News,"The S&P 500 Index ($SPX ) (SPY ) today is up +0.66%, the Dow Jones Industrials Index ($DOWI ) (DIA ) is up +0.64%, and the Nasdaq 100 Index ($IUXX ) (QQQ...",NASDAQ
2025-07-11T21:45:00Z,Etf.com,VOO Attracts $1.2B as S 500 Hits Fresh Record,"- VOO led ETF inflows as both the S&P 500 and Nasdaq Composite reached new highs. - TLT and XLU gained, while XLK and XLC saw outflows.",NASDAQ
2025-07-10T14:00:20Z,Barchart.com,Stocks Pressured by US Trade Policy Uncertainty,"The S&P 500 Index ($SPX ) (SPY ) today is down -0.06%, the Dow Jones Industrials Index ($DOWI ) (DIA ) is up +0.03%, and the Nasdaq 100 Index ($IUXX ) (QQQ )...",NASDAQ
2025-07-16T13:38:58Z,Yahoo Entertainment,Mizuho Maintains an Overweight Rating on Vaxcyte (PCVX),"Vaxcyte, Inc. (NASDAQ:PCVX) is one of the best oversold NASDAQ stocks to buy now. On June 20, Mizuho analyst Salim Syed commented on Vaxcyte, Inc...",NASDAQ
2025-07-16T13:38:49Z,Yahoo Entertainment,"BTIG Raises PT on Apogee Therapeutics (APGE) to $115 From $100, Keeps a Buy Rating","Apogee Therapeutics Inc. (NASDAQ:APGE) is one of the best oversold NASDAQ stocks to buy now. On July 11, BTIG analyst Julian Harrison maintained a Buy rating...",NASDAQ
2025-07-14T10:30:00Z,Thedailyupside.com,WeightWatchers Returns With a Plan for the New GLP-1 World,"Weight Watchers went bankrupt in May, but now it promises it's trimmed the fat off its books and is ready to rejoin the Nasdaq.",NASDAQ
2025-07-17T15:13:50Z,Barchart.com,Stocks Supported by Signs of US Economic Strength,"The S&P 500 Index ($SPX ) (SPY ) today is up +0.25%, the Dow Jones Industrials Index ($DOWI ) (DIA ) is up +0.19%, and the Nasdaq 100 Index ($IUXX ) (QQQ...",NASDAQ
2025-07-18T15:37:35Z,Barron's,The Dow Is Looking at Another Week Lower,"The Dow, S&P 500, and Nasdaq are wavering as the stock market reacts to the latest round of corporate earnings.",NASDAQ
2025-07-24T10:10:59Z,USA Today,"US stocks end mostly up. S&P 500, Nasdaq hit record on strong Alphabet results.","S&P 500 and Nasdaq hit record highs, helped by Alphabet's results and raised spending plan. Dow falls. Earnings, trade deals, Fed's Powell in focus",NASDAQ
2025-07-29T02:37:14Z,Yahoo Entertainment,"US stocks dip and break Wall Street's record-breaking, weeklong run","Wall Street’s record-breaking, weeklong run ran out of momentum on Tuesday.  The Dow Jones Industrial Average sank 204 points, or 0.5%, and the Nasdaq...",NASDAQ
2025-07-29T20:39:52Z,Barchart.com,Stocks Retreat Ahead of Results from Wednesday's FOMC Meeting,"The S&P 500 Index ($SPX ) (SPY ) Tuesday closed down -0.30%, the Dow Jones Industrials Index ($DOWI ) (DIA ) closed down -0.46%, and the Nasdaq 100 Index...",NASDAQ
2025-07-30T21:03:05Z,Yahoo Entertainment,First Look: Profitablity measures at C.H. Robinson point higher in 2Q,"C.H. Robinson CEO Dave Bozeman (NASDAQ: CHRW), in releasing the company’s second quarter earnings, said it represented “six consecutive quarters of...",NASDAQ
2025-07-31T10:13:45Z,Barchart.com,"Stocks Soar Before the Open on Upbeat Meta and Microsoft Results, U.S. PCE Inflation Data and More Big Tech Earnings on Tap","September S&P 500 E-Mini futures (ESU25) are up +0.97%, and September Nasdaq 100 E-Mini futures (NQU25) are up +1.30% this morning as forecast-beating...",NASDAQ
2025-07-18T20:33:46Z,Barchart.com,Stocks Finish Slightly Lower on Mixed Earnings Results,"The S&P 500 Index ($SPX ) (SPY ) Friday closed down -0.01%, the Dow Jones Industrials Index ($DOWI ) (DIA ) closed down -0.32%, and the Nasdaq 100 Index...",NASDAQ
2025-07-25T20:34:50Z,Barchart.com,S&P 500 and Nasdaq 100 Post Record Highs on Earnings Optimism,"The S&P 500 Index ($SPX ) (SPY ) Friday closed up +0.40%, the Dow Jones Industrials Index ($DOWI ) (DIA ) closed up +0.47%, and the Nasdaq 100 Index ($IUXX )...",NASDAQ
2025-07-08T10:04:36Z,Barchart.com,Stock Index Futures Gain With Focus on Trade Talks as Trump Extends Tariff Deadline,"September S&P 500 E-Mini futures (ESU25) are up +0.08%, and September Nasdaq 100 E-Mini futures (NQU25) are up +0.17% this morning as initial jitters over...",NASDAQ
2025-07-08T15:30:27Z,Barchart.com,Stocks Mixed as Bond Yields Climb,"The S&P 500 Index ($SPX ) (SPY ) today is down -0.05%, the Dow Jones Industrials Index ($DOWI ) (DIA ) is down -0.33%, and the Nasdaq 100 Index ($IUXX ) (QQQ...",NASDAQ
2025-07-11T15:17:48Z,Barchart.com,Stocks Pressured by Escalation of Trade Tensions,"The S&P 500 Index ($SPX ) (SPY ) today is down -0.35%, the Dow Jones Industrials Index ($DOWI ) (DIA ) is down -0.61%, and the Nasdaq 100 Index ($IUXX ) (QQQ...",NASDAQ
2025-07-17T12:46:16Z,Yahoo Entertainment,Safety Shot receives 180-day extension from Nasdaq to regain compliance,Safety Shot (SHOT) announced it has received a notification letter from the Listing Qualifications Staff of The Nasdaq Stock Market granting the Company an...,NASDAQ
2025-07-16T13:39:00Z,Yahoo Entertainment,Alvotech (ALVO) Announces Acquisition of Ivers-Lee Group,"Alvotech (NASDAQ:ALVO) is one of the best oversold NASDAQ stocks to buy now. On July 9, Alvotech (NASDAQ:ALVO) announced that it is expanding its capacity...",NASDAQ
2025-07-16T13:38:43Z,Yahoo Entertainment,BTIG Reiterates a Buy Rating on Denali Therapeutics (DNLI) With a $32 Price Target,"Denali Therapeutics, Inc. (NASDAQ:DNLI) is one of the best oversold NASDAQ stocks to buy now. In a report released on July 7, Thomas Shrader from BTIG...",NASDAQ
2025-07-16T15:40:41Z,Barchart.com,Stocks Pressured by Chip-Stock Sell-off and Increased Talk about Powell Firing,"The S&P 500 Index ($SPX ) (SPY ) today is down -0.07%, the Dow Jones Industrials Index ($DOWI ) (DIA ) is up +0.05%, and the Nasdaq 100 Index ($IUXX ) (QQQ )...",NASDAQ
2025-07-10T15:18:24Z,Barchart.com,Stocks See Support from Airline Stocks but Trade Uncertainty Persists,"The S&P 500 Index ($SPX ) (SPY ) today is up +0.10%, the Dow Jones Industrials Index ($DOWI ) (DIA ) is up +0.41%, and the Nasdaq 100 Index ($IUXX ) (QQQ...",NASDAQ
2025-07-16T20:57:46Z,Barchart.com,Stocks End Higher Despite Uncertainty About Possible Powell Firing,"The S&P 500 Index ($SPX ) (SPY ) on Wednesday closed up +0.29%, the Dow Jones Industrials Index ($DOWI ) (DIA ) closed up +0.47%, and the Nasdaq 100 Index ($...",NASDAQ
2025-07-21T03:59:48Z,Yahoo Entertainment,Apple (AAPL) iPhone Production Soars as India Gains Prominence Amid Slowing U.S. Demand,"Apple Inc. (NASDAQ:AAPL) is one of the most profitable consumer stocks to buy now. Apple significantly ramped up iPhone production in the first half of 2025,...",AAPL
2025-07-30T18:59:26Z,Yahoo Entertainment,"Apple Inc. (AAPL): Investor AI Worries Still Haven’t Pushed Stock To $190, Says Jim Cramer",We recently published 10 Stocks On Jim Cramer’s Mind As He Discussed A “Weird Number”. Apple Inc. (NASDAQ:AAPL) is one of the stocks Jim Cramer recently...,AAPL
2025-07-25T11:45:48Z,AppleInsider,JP Morgan will increase AAPL share target price -- eventually,"Investment analyst firm JP Morgan is predicting that Apple shares will improve in the short term, and predicts a target price rise by the end of 2026, through moderate iPhone 17 demand, but greater Services revenues.JP Morgan does not expect an iPhone 17 Pro …",AAPL
2025-07-30T11:30:46Z,Yahoo Entertainment,"'Magnificent Seven' stocks: Buy Nvidia, skip Apple","The ""Magnificent Seven,"" Nvidia (NVDA), Alphabet (GOOG, GOOGL), Tesla (TSLA), Microsoft (MSFT), Amazon (AMZN), Meta (META), and Apple (AAPL), have dominated ...",AAPL
2025-07-30T13:26:48Z,9to5Mac,"AAPL Q3 2025: Analysts expect low growth, iPhone and Mac up, iPad down","We’re just a day away from the AAPL Q3 2025 earnings report, covering April to June. Apple said it expected single-digit growth, and analysts expect this to be toward the lower end of the scale.



Digging into the detail, the consensus view is that both iPho…",AAPL
2025-07-05T10:10:59Z,Yahoo Entertainment,"Apple Inc. (AAPL): People Are Tired Of The Stock Buybacks, Says Jim Cramer",We recently published Jim Cramer Recently Discussed These 11 Stocks & Said The Robots Are Coming. Apple Inc. (NASDAQ:AAPL) is one of the stocks Jim Cramer...,AAPL
2025-07-09T14:12:05Z,9to5Mac,Nvidia beats Apple to a $4T valuation as it rides AI wave,"Nvidia, the US company specializing in high-performance GPU cards, has become the first ever company with a market capitalization of four trillion dollars. It is now the most valuable company in the world, ahead of Apple and Microsoft.



It’s a little over a…",AAPL
2025-07-10T20:31:03Z,Yahoo Entertainment,"Apple Needs 'Product-Focused CEO,' Say Analysts As Tim Cook Faces Heat Over AI Failures And Innovation Slump",Analysts from LightShed Partners have suggested that Apple Inc. (NASDAQ:AAPL) should consider a change in leadership to prioritize product innovation...,AAPL
2025-07-24T00:30:26Z,Yahoo Entertainment,"Apple Is Going To Surprise Wall Street, Says Tom Lee, As iPhone Maker 'Could Be Quietly Ready To Pounce On AI'","As Wall Street has been rallying behind the iPhone maker, led by Tim Cook, to dive into the artificial intelligence (AI) race, Fundstrat’s Tom Lee says that ...",AAPL
2025-07-03T20:58:24Z,MacRumors,Here's How to Listen to Apple's Upcoming Earnings Call With Tim Cook,"Apple has announced that it will share earnings results for the third quarter of its 2025 fiscal year on Thursday, July 31. Apple's earnings reports are typically released at 1:30 p.m. Eastern Time, shortly after the stock market has closed in New York.





…",AAPL
2025-07-18T13:56:56Z,Barchart.com,Could the Pentagon’s $550 Million Bet on Rare Earths Signal the Next Market Boom?,"A deep dive into why the U.S. government is backing rare earth mining; plus, the tiny companies flying under the radar.",AAPL
2025-07-28T16:25:00Z,Yahoo Entertainment,ARM to Post Q1 Earnings: Should the Stock be in Your Portfolio?,"ARM's Q1 revenues are likely to rise 11%, but with earnings expected to fall and valuation stretched, timing is key for investors.",AAPL
2025-07-30T13:27:23Z,AppleInsider,Only the base iPhone 17 may escape a $50 price hike,An analyst with almost no Apple rumor track record is probably right when they claim that three out of the four new iPhone 17 models will cost an extra $50 versus corresponding iPhone 16 models.Render of a possible iPhone 17 Pro MaxDespite Trump's constant in…,AAPL
2025-07-11T01:03:00Z,TheStreet,"Cathie Wood drops bold message on Apple, Tesla stock",Her latest take on two tech giants might surprise you.,AAPL
2025-07-31T20:06:42Z,Biztoc.com,Live: Will Apple (Nasdaq: AAPL) Jump After Earnings Today?,"Live Updates
 
 Live Coverage
 Updates appear automatically as they are published.
 
 
 
 
 
 
Let's Get This Party Started
 
 
 4:01 pm
 
 
 
 
The market has closed and we’re watching for earnings. We’ll update this live blog as soon as we see Apple earning…",AAPL
2025-07-30T10:56:35Z,MacRumors,"iPhone 17 Models May See $50 Price Hike, Says Jefferies","Apple is expected to implement a $50 price increase across its iPhone 17 lineup when the new models launch in September as a way to offset rising component costs and China tariffs, according to a new investor note by Jefferies analyst Edison Lee.





The pri…",AAPL
2025-07-02T13:36:32Z,Barchart.com,One Apple Bear Just Threw in the Towel With This Upgrade. Is It Time to Buy AAPL Stock?,Jefferies raised AAPL stock to 'Hold' on expectations for a Q3 iPhone sales beat.,AAPL
2025-07-01T10:32:32Z,Yahoo Entertainment,Apple (AAPL) Hit With ‘Sell’ Rating Ahead of Earnings Report,"Apple Inc. (NASDAQ:AAPL) is one of the 10 AI Stocks Making Waves on Wall Street. On June 30, MoffettNathanson reiterated the stock as “Sell” as the firm...",AAPL
2025-07-30T17:46:00Z,Yahoo Entertainment,Buy Apple (AAPL) for its Innovation-Led Dividend Strength,Apple Inc. (NASDAQ:AAPL) is included among the 11 Innovative Dividend Stocks to Buy Now. Apple Inc. (NASDAQ:AAPL) has been a major force in reshaping the...,AAPL
2025-07-31T13:53:30Z,Barchart.com,"As Apple Teases iOS 26, Is AAPL Stock a Buy, Sell, or Hold?","Apple recently unveiled the new iOS 26, leaving investors wondering whether AAPL stock will finally regain its spark.",AAPL
2025-07-30T15:07:37Z,Biztoc.com,AAPL Stock Q3 Forecast: 4 Things to Watch When Apple Reports Earnings on July 31,,AAPL
2025-07-01T13:04:29Z,Barchart.com,Is Apple Stock 'Dead Money' in July 2025? Watch This AAPL Options Indicator Now.,"AAPL is one of the worst-performing Magnificent 7 stocks of 2025. Is the stock dead money, or consolidating ahead of a breakout?",AAPL
2025-07-29T13:54:22Z,Barchart.com,Are Wall Street Analysts Predicting Apple Stock Will Climb or Sink?,"While Apple has trailed the broader market over the past year, analysts are fairly upbeat about its future potential.",AAPL
2025-07-24T15:07:37Z,Biztoc.com,"Understanding Apple's Position In Technology Hardware, Storage & Peripherals Industry Compared To Competitors","In the dynamic and cutthroat world of business, conducting thorough company analysis is essential for investors and industry experts. In this article, we will undertake a comprehensive industry comparison, evaluating Apple AAPL and its primary competitors in …",AAPL
2025-07-30T15:08:17Z,Biztoc.com,"Inquiry Into Apple's Competitor Dynamics In Technology Hardware, Storage & Peripherals Industry","In the ever-evolving and intensely competitive business landscape, conducting a thorough company analysis is of utmost importance for investors and industry followers. In this article, we will carry out an in-depth industry comparison, assessing Apple AAPL al…",AAPL
2025-07-29T02:05:47Z,Biztoc.com,"Top Analysts Expect Apple to Report In-Line Q3 Revenue, Say ‘Sentiment Is Negative’ on AAPL Stock","An error has occurred
Your request was blocked by Link11 Web Application Security.
If you believe this is the result of an error, contact the administrator of
www.tipranks.com.
If you believe this is the result of an error, contact the administrator of
www.ti…",AAPL
2025-07-25T17:56:49Z,Barchart.com,Minimize Your Apple Stock Risk Before Earnings on July 31 with This 1 Options Strategy,"Using options can help manage risk, regardless of market reaction.",AAPL
2025-07-21T10:00:14Z,Barchart.com,What to Expect From Apple's Next Quarterly Earnings Report,"Apple is expected to announce its third-quarter results by the end of this month, and analysts anticipate a single-digit uptick in earnings.",AAPL
2025-07-06T19:12:13Z,Yahoo Entertainment,Apple Inc. (AAPL): “What Do We Pay For Apple?” Wonders Jim Cramer,We recently published 12 Stocks Jim Cramer Recently Talked About In His “Idea-Driven” Market. Apple Inc. (NASDAQ:AAPL) is one of the stocks Jim Cramer...,AAPL
2025-07-05T16:11:43Z,Yahoo Entertainment,Apple (AAPL) Stock Upgraded to ‘Hold’ by Jefferies — But Analysts Still Cautious on AI,"Apple Inc. (NASDAQ:AAPL) is one of the 10 Trending AI Stocks on News and Ratings. On July 2, Jefferies upgraded the stock to “Hold” from underperform and...",AAPL
2025-07-22T14:35:44Z,Yahoo Entertainment,Polen Focus Growth Strategy Exited Apple (AAPL) in Q2. Here’s Why,,AAPL
2025-07-29T14:39:07Z,Yahoo Entertainment,Apple (AAPL) Faces Margin Pressures Ahead of Earnings — BofA Still Says Buy,"Apple Inc. (NASDAQ:AAPL) is one of the Trending AI Stocks on Wall Street. On July 28, Bank of America maintained a “Buy” rating on the stock with a price...",AAPL
2025-07-03T13:19:52Z,Yahoo Entertainment,Apple Inc. (AAPL) Opens State-of-the-Art Studio in Los Angeles to Bolster Apple Music,"Apple Inc. (NASDAQ:AAPL) is one of the 13 best blue-chip stocks to buy according to analysts. On June 30, the company confirmed the opening of a new, state...",AAPL
2025-07-09T21:19:32Z,Yahoo Entertainment,Apple (AAPL) AI Chief Jumps to Meta—Evercore Still Bullish With $250 Target,"Apple Inc. (NASDAQ:AAPL) is one of the 10 AI Stocks Investors Are Watching This Week. On July 8, Evercore ISI analyst Amit Daryanani reiterated an...",AAPL
2025-07-25T11:44:51Z,Yahoo Entertainment,Sands Capital Technology Innovators Fund Decided to Exit Its Stake in Apple (AAPL),"Sands Capital, an investment management company, released its “Sands Capital Technology Innovators Fund” Q2 2025 investor letter. A copy of the letter can be...",AAPL
2025-07-30T18:31:39Z,Yahoo Entertainment,Wall Street Sticks With Apple (AAPL) as Earnings and AI Questions Loom,"Apple Inc. (NASDAQ:AAPL) is one of the AI Stocks Everyone Is Watching Closely. On July 28, Analyst Krish Sankar from TD Cowen maintained a “Buy” rating on...",AAPL
2025-07-31T15:20:17Z,Yahoo Entertainment,"Apple’s (AAPL) AI Strategy Falls Short, Says Barclays—Is the Stock Still a Must-Watch?",,AAPL
2025-07-23T22:22:00Z,Yahoo Entertainment,Apple (AAPL) Stock Rated Hold as HSBC Flags AI Letdown and Tariff Risks,,AAPL
2025-07-22T16:14:50Z,Yahoo Entertainment,"Apple (AAPL) Analysts Stay Positive Ahead of Earnings, But AI Clarity Still Needed",,AAPL
2025-07-03T00:38:44Z,Yahoo Entertainment,"Apple Inc. (AAPL) “Cannot Get Out Of Its Own Way,” Says Jim Cramer",We recently published Jim Cramer Reveals His Trading Strategy For H2 2025 & Discusses These 16 Stockse. Apple Inc. (NASDAQ:AAPL) is one of the stocks Jim...,AAPL
2025-07-30T13:13:11Z,Yahoo Entertainment,"UBS Keeps Neutral on Apple (AAPL), Sees iPhone Demand Drop in June","Apple Inc. (NASDAQ:AAPL) is one of the 12 Most Owned Stocks by Hedge Funds So Far in 2025. On July 22, UBS reiterated its “Neutral” rating on Apple Inc...",AAPL
2025-07-30T15:01:55Z,Barchart.com,AAPL Stock Q3 Forecast: 4 Things to Watch When Apple Reports Earnings on July 31,Apple is heading into its fiscal Q3 earnings as the second-worst performing Magnificent 7 constituent. While the company might post better-than-expected...,AAPL
2025-07-30T23:26:28Z,Yahoo Entertainment,Bernstein Analyst Sees Upside in Beaten-Down Qualcomm (QCOM),"QUALCOMM Incorporated (NASDAQ:QCOM) is one of the AI Stocks in the Spotlight Today. On July 28, Bernstein SocGen Group analyst Stacy Rasgon reiterated an...",AAPL
2025-07-30T23:52:27Z,Yahoo Entertainment,Apple (AAPL) Faces Google Deal Fallout—Should Investors Be Worried?,"Apple Inc. (NASDAQ:AAPL) is one of the AI Stocks in the Spotlight Today. On July 28, JPMorgan analyst Samik Chatterjee reiterated an “Overweight” rating on...",AAPL
2025-07-28T21:33:34Z,Yahoo Entertainment,"Earnings live: Whirlpool, Tilray stocks tumble, with Spotify earnings on deck","Second quarter earnings season is in full swing, and the results have been largely positive so far, with more positive surprises than negative ones.",AAPL
2025-07-28T11:43:03Z,Yahoo Entertainment,"Earnings live: Microsoft, Apple, Amazon highlight parade of Q2 results this week","This week, 112 S&P 500 companies report Q2 results in a busy week for corporate earnings reports.",AAPL
2025-07-08T22:19:48Z,Biztoc.com,Apple’s Tim Cook Succession Plan Remains Fuzzy as COO Retires,,AAPL
2025-07-25T11:57:10Z,Yahoo Entertainment,"Earnings live: Puma plunges, Deckers beats, Intel sags amid cost cuts","This week, 112 S&P 500 companies report Q2 results in a busy week for corporate earnings reports.",AAPL
2025-07-21T16:42:07Z,Yahoo Entertainment,"Apple Stock Forecast: As Critics Call for Cook to Step Down, How Bad Are Things Really for AAPL?",,AAPL
2025-07-22T13:10:49Z,Yahoo Entertainment,"PSQ Holdings adds Apple, Google Pay to its PSQ Payments platform",PublicSquare (PSQH) announced the successful integration and launch of Apple Pay (AAPL) and Google Pay (GOOGL) across its PSQ Payments platform. The company ...,AAPL
2025-07-01T01:10:42Z,Forbes,Equity Prices Rise To Record Levels Even As The Economy Slows,"On Friday (June 27th), both the S&P 500 and the Nasdaq closed at record levels. This occurred despite growing evidence of a slowing economy and continued trade angst.",AAPL
2025-07-11T10:28:02Z,Yahoo Entertainment,Dan Ives Says Apple (AAPL) Must Acquire Perplexity—Here’s Why It’s a ‘No-Brainer’,"Apple Inc. (NASDAQ:AAPL) is one of the AI Stocks Making Waves on Wall Street. On July 9, Wedbush reiterated its “Outperform” rating on the stock and...",AAPL
2025-07-27T14:57:51Z,Yahoo Entertainment,Apple (AAPL) Stock Gets $245 Price Target Ahead of Earnings — Here’s Why,,AAPL
2025-07-09T12:57:31Z,Yahoo Entertainment,UBS Keeps $210 Target on Apple (AAPL) — China Still Key in Supply Chain,,AAPL
2025-07-18T10:24:48Z,Yahoo Entertainment,"Apple Inc. (AAPL) Has To Spend Money To Win Over President Trump, Says Jim Cramer",We recently published 10 Stocks On Jim Cramer’s Radar As He Says Trump Has Been Good For Growth. Apple Inc. (NASDAQ:AAPL) is one of the stocks Jim Cramer...,AAPL
2025-07-11T11:50:29Z,Yahoo Entertainment,What Gives Apple (AAPL) a Competitive Edge?,"Mar Vista Investment Partners, LLC, an investment management company, released its “Mar Vista U.S. Quality Premier Strategy” second-quarter 2025 investor...",AAPL
2025-07-22T20:49:46Z,Investopedia,Texas Instruments Stock Slumps on Soft Profit Forecast,Texas Instruments shares dropped in extended trading Tuesday as the company issued a soft profit forecast.,AAPL
2025-07-29T14:43:17Z,Yahoo Entertainment,"JPMorgan nears deal to take over Apple's credit card program, WSJ reports","Talks between the largest U.S. bank and the tech giant began last year, as Goldman sought to unwind a partnership that had once been a cornerstone of its...",AAPL
2025-07-27T10:51:09Z,Forbes,Second Quarter Earnings Season: Google Reinforces The AI Story,"The second-quarter earnings season enters its busiest week. The economic calendar is packed with GDP, tariffs, the Fed, and the monthly jobs reports.",AAPL
2025-07-30T07:37:22Z,Yahoo Entertainment,Jim Cramer on Apple: “I’m Expecting an Unexciting Quarter”,Apple Inc. (NASDAQ:AAPL) is one of the stocks in Jim Cramer’s game plan this week. Cramer mentioned that he is not expecting much from the upcoming quarterly...,AAPL
2025-07-29T20:31:08Z,Yahoo Entertainment,"Trump's EU Deal 'Good For US Markets,' Say Experts: META, AAPL, PLTR Among Likely Winners — See Full List","A newly finalized trade agreement between the U.S. and the European Union is poised to significantly benefit U.S.-based LNG exporters, the Magnificent 7...",AAPL
2025-07-21T12:36:30Z,Yahoo Entertainment,"Apple Inc. (AAPL)’s “Got Game,” Says Jim Cramer",We recently published 10 Stocks Jim Cramer Discussed As He Shared Key Insights From Morgan Stanley’s CEO. Apple Inc. (NASDAQ:AAPL) is one of the stocks Jim...,AAPL
2025-07-24T14:49:14Z,Yahoo Entertainment,"Apple (AAPL) Isn’t Going To Buy Perplexity, Says Jim Cramer",,AAPL
2025-07-18T12:52:06Z,Yahoo Entertainment,Apple (AAPL) Fell Amid Investor Concerns Over AI Development,,AAPL
2025-07-02T17:27:47Z,Investor's Business Daily,Broadcom Stock Called 'Top Pick.' Here's Why.,"A Wall Street analyst on Wednesday named Broadcom stock as his “top pick” among semiconductor stocks, followed by Nvidia and Micron.",AAPL
2025-07-09T17:04:18Z,Investopedia,Microsoft Isn't in the '$4 Trillion Club'—Yet,The software giant is one of just three companies with a market value above $3 trillion. Some analysts figure the next trillion isn't far off.,AAPL
2025-07-23T17:08:47Z,Investopedia,Here's What You Need to Know Ahead of Google Parent Alphabet's Earnings Today,"Google parent Alphabet is set to post second-quarter earnings after the market closes Wednesday, with investors likely to be watching its cloud and...",AAPL
2025-07-10T14:59:26Z,Investopedia,"Meta Platforms Enticed Apple AI Executive With $200M Pay Package, Report Says","Meta Platforms has reportedly offered a more than $200 million pay package to poach Apple’s top executive in charge of artificial intelligence models, as the...",AAPL
2025-07-28T16:22:23Z,Yahoo Entertainment,"US smartphone market sees sluggish growth as India-made phones surge, Canalys says",The imposition of U.S. tariffs has prompted smartphone makers to reorganize their supply chains to avoid higher import costs and protect their margins.,AAPL
2025-07-31T15:20:30Z,Investopedia,Here's How Much Traders Expect Apple Stock To Move After Earnings Today,"Apple is scheduled to report quarterly earnings after the closing bell Thursday, with traders anticipating a sizable move from the iPhone maker's stock.",AAPL
2025-07-24T02:27:43Z,Applech2.com,Perplexity AI、 Perplexity Pro/MaxプランでMCPをサポートした「Perplexity for Mac」をリリース。,"Perplexity Pro/MaxプランでMCPをサポートした「Perplexity for Mac」がリリースされています。詳細は以下から。 　AI検索エンジンPerplexityを開発する米Perplexity […]
The post Perplexity AI、 Perplexity Pro/MaxプランでMCPをサポートした「Perplexity for Mac」をリリース。 first appeared on AAPL Ch..",AAPL
2025-07-23T07:52:22Z,Applech2.com,Wikipedia for iPhone/iPadアプリがタブブラウジングに対応。,"Wikipedia for iPhone/iPadアプリがタブブラウジングに対応しています。詳細は以下から。 　Wikimedia Foundationは現地時間2025年07月22日、ボランティアによって執筆されてい […]
The post Wikipedia for iPhone/iPadアプリがタブブラウジングに対応。 first appeared on AAPL Ch..",AAPL
2025-07-14T22:42:33Z,Yahoo Entertainment,"Apple (AAPL) $240 PT, Buy — Citi Sees Tariff Boost Now, AI Risks Later",,AAPL
2025-07-15T18:04:20Z,Yahoo Entertainment,"Apple Inc. (AAPL): It’s “Outrageous” To Say Tim Cook Should Leave, Says Jim Cramer",We recently published Jim Cramer Analyzed These 9 Stocks As He Said Tariffs Are Better Than CIA Coups. Apple Inc. (NASDAQ:AAPL) is one of the stocks Jim...,AAPL
2025-07-23T13:47:27Z,Yahoo Entertainment,Analyst Calling for Apple (AAPL) CEO Tim Cook’s Exit Says Company ‘Fooled’ Investors About AI,Apple is one of the 10 Buzzing Stocks Everyone is Talking About. Walter Piecyk from LightShed Partners recently talked about his note discussing his thoughts...,AAPL
2025-07-18T09:22:05Z,Yahoo Entertainment,Apple (AAPL) Eyes Formula 1 Streaming Rights With Major $150 Million Bid,,AAPL
2025-07-02T11:39:39Z,Yahoo Entertainment,Apple (AAPL) May Use OpenAI or Anthropic to Power the Next Siri,"Apple Inc. (NASDAQ:AAPL) is one of the 10 Buzzing AI Stocks on Wall Street Right Now. According to a recent Bloomberg News report, Apple is currently...",AAPL
2025-07-11T07:43:39Z,Yahoo Entertainment,Apple Inc. (AAPL): Jim Cramer Peppers Trump Rep Peter Navarro With Hard Hitting Questions!,We recently published Jim Cramer Discusses These 12 Stocks & Says Trump’s Winning. Apple Inc. (NASDAQ:AAPL) is one of the stocks Jim Cramer recently...,AAPL
2025-07-10T13:37:32Z,Yahoo Entertainment,Gene Munster Explains Two Potential Growth Catalysts for Apple (AAPL) Stock,Apple Inc (NASDAQ:AAPL) is one of the 10 Stocks to Watch in July as AI Enthusiasm Returns. Gene Munster from Deepwater Asset Management said in a recent...,AAPL
2025-07-24T00:19:58Z,Yahoo Entertainment,"Apple (AAPL) iPhone Demand Drops in June, UBS Sticks With Neutral Rating",,AAPL
2025-07-25T03:49:09Z,Yahoo Entertainment,Apple (AAPL) Signs $500M Rare Earth Magnet Deal With MP Materials,,AAPL
2025-07-07T21:00:00Z,Etf.com,Anti-DEI Firm Postpones Tesla ETF Over Musk Announcement,"- Azoria has postponed its Tesla Convexity ETF launch, citing CEO distraction concerns. - The firm sent a letter to Tesla's board questioning Musk's...",AAPL
2025-07-29T16:43:23Z,Investopedia,Corning Stock Pops as Smartphone Glassmaker and AI Boom Beneficiary Tops Expectations,"Shares of Corning, a specialized glass maker for smartphones and AI data centers, popped Tuesday as the company’s second-quarter results exceeded...",AAPL
2025-07-02T18:14:43Z,Barchart.com,"Up Nearly 23% in 2025, Is Meta Platforms Still the Best AI Stock to Buy?","With YTD gains of nearly 23%, Meta is the best-performing Magnificent 7 stock this year. It has also established itself as a prominent AI play, and has...",AAPL
2025-07-28T17:48:58Z,Yahoo Entertainment,Can Apple's Slim iPhone And Cheaper Macs Reverse The 2025 Stock Slump?,"Apple (NASDAQ:AAPL) is gearing up for a significant rebound in the second half of fiscal 2025, driven by the highly anticipated launch of new product cycles,...",AAPL
2025-07-14T15:28:18Z,Barchart.com,How High Can Nvidia Stock Go as Jensen Huang Heads to China?,"Nvidia hit record highs last week, and the company’s market cap surpassed $4 trillion. The stock has room to run higher if Nvidia can get concessions on chip...",AAPL
2025-07-09T17:42:57Z,Barchart.com,Nvidia Just Became the First $4 Trillion Company in the World. Should You Buy NVDA Stock?,Nvidia extended gains to become the world’s first $4 trillion company on Wednesday. BofA analyst still sees further upside in NVDA shares.,AAPL
2025-07-21T13:07:24Z,Yahoo Entertainment,How this tech CEO competes with Meta's AI talent spending spree,Nextdoor co-founder and CEO Nirav Tolia has had to be creative on the AI hiring front.,AAPL
2025-07-04T16:42:12Z,TheStreet,"After 14 years and 140,000x gains, fortune worth billions surfaces this Fourth of July",Billions in transactions after a slumber of 14 years make waves this Independence Day.,AAPL
2025-07-29T13:55:33Z,Barchart.com,Are We Headed for a Market Earthquake? 5 Catalyst Events You Can’t Ignore.,"From the Fed to tariffs to tech earnings, here’s your roadmap to all of the key events to watch this week.",AAPL
2025-07-29T17:57:05Z,Investopedia,"JPMorgan Chase Close to Deal Taking Over Apple Card Program, Reports Say","Apple and JPMorgan Chase are close to a deal for the banking giant to take over as the backer of Apple's credit card program, according to a Wall Street...",AAPL
2025-07-22T03:23:26Z,Yahoo Entertainment,Buffett's Berkshire Just Isn't the Same -- And Investors Are Starting to Notice,"With Warren on the way out, Berkshire is trailing the S&P 500 -- and raising eyebrows on Wall Street",AAPL
2025-07-01T11:31:23Z,Yahoo Entertainment,NVIDIA (NVDA) Reaffirmed as Top Pick by Morgan Stanley,"NVIDIA Corporation (NASDAQ:NVDA) is one of the 10 AI Stocks Making Waves on Wall Street. On June 30, Morgan Stanley reiterated the stock as “Overweight.” The...",AAPL
2025-07-25T21:52:51Z,Yahoo Entertainment,JP Morgan Says Apple's Set To Beat Q3 Estimates,Services and demand cushion near?term headwinds,AAPL
2025-07-10T19:55:15Z,Yahoo Entertainment,Delta Air Lines Earnings Could Be Smooth on the Surface--But Analysts Warn of Trouble Beneath,Delta will kick off airline earnings Thursday.,AAPL
2025-07-28T23:37:20Z,Yahoo Entertainment,"Stock market today: Dow, S&P 500, Nasdaq futures trade flat ahead of week poised to shake markets",US stock futures traded flat as Wall Street prepared for major earnings and economic data ahead of a blockbuster week that could shake markets.,AAPL
2025-07-14T21:38:42Z,Applech2.com,Apple、開発者向けに「macOS 15.6 Sequoia」や「iOS/iPadOS 18.6」、「visionOS 2.6」のBeta 3を公開。,"Appleが開発者向けに「macOS 15.6 Sequoia」や「iOS/iPadOS 18.6」、「visionOS 2.6」のBeta 3を公開しています。詳細は以下から。 　Appleは2025年06月、世界開 […]
The post Apple、開発者向けに「macOS 15.6 Sequoia」や「iOS/iPadOS 18.6」、「visionOS 2.6」のBeta 3を公開。 first appeared on AAPL Ch..",AAPL
2025-07-17T07:40:29Z,Applech2.com,Apple、最新のmacOS 15 SequoiaやiOS 18、visionOS 2で「Canon PowerShot V1」のRAWフォーマットをサポート。,"Appleが2025年07月時点の最新のmacOS 15 SequoiaやiOS 18、visionOS 2で「Canon PowerShot V1」のRAWフォーマットをサポートしたと発表しています。詳細は以下から。 […]
The post Apple、最新のmacOS 15 SequoiaやiOS 18、visionOS 2で「Canon PowerShot V1」のRAWフォーマットをサポート。 first appeared on AAPL Ch..",AAPL
2025-07-09T23:42:53Z,Applech2.com,QEMU v10.0やmacOS 26 Tahoe/iOS 26でのLiquid Glass、Appleの新しいイメージフォーマットASIFをサポートした「UTM v4.7.0」のBeta版が公開。,"QEMUをv10.0.2へアップデートしmacOS 26 TahoeやiOS/iPadOS 26でのLiquid Glass UI、Appleの新しいイメージフォーマットASIFをサポートした「UTM v4.7.0」の […]
The post QEMU v10.0やmacOS 26 Tahoe/iOS 26でのLiquid Glass、Appleの新しいイメージフォーマットASIFをサポートした「UTM v4.7.0」のBeta版が公開。 first appeared on AAPL Ch..",AAPL
2025-07-21T07:30:29Z,Applech2.com,Spigen Japan、iMac G3デザインのApple Watchワイヤレス充電器用スタンド「Spigen Apple Watch Classic C1 充電スタンド」の10%OFFクーポンセールを開催。,"Spigen JapanがiMac G3デザインのApple Watchワイヤレス充電器用スタンド「Spigen Apple Watch Classic C1 充電スタンド」のクーポンセールを開催しています。詳細は以下 […]
The post Spigen Japan、iMac G3デザインのApple Watchワイヤレス充電器用スタンド「Spigen Apple Watch Classic C1 充電スタンド」の10%OFFクーポンセールを開催。 first appeared on AAPL Ch..",AAPL
2025-07-28T12:25:00Z,Yahoo Entertainment,4 Must-Buy Stocks as S&P 500 Continues to Reach New Milestones,"As the S&P 500 posts record highs, ADBE, MSFT, AMZN, and META emerge as top picks with solid earnings outlooks.",MSFT
2025-07-11T10:41:21Z,Yahoo Entertainment,Microsoft (MSFT) Gets $600 Price Target—Oppenheimer Calls It a Long-Term AI Winner,"Microsoft Corporation (NASDAQ:MSFT) is one of the AI Stocks Making Waves on Wall Street. On July 9, Oppenheimer upgraded the stock to “Outperform” from...",MSFT
2025-07-04T13:00:03Z,Yahoo Entertainment,Investors Heavily Search Microsoft Corporation (MSFT): Here is What You Need to Know,"Recently, Zacks.com users have been paying close attention to Microsoft (MSFT). This makes it worthwhile to examine what the stock has in store.",MSFT
2025-07-30T11:30:46Z,Yahoo Entertainment,"'Magnificent Seven' stocks: Buy Nvidia, skip Apple","The ""Magnificent Seven,"" Nvidia (NVDA), Alphabet (GOOG, GOOGL), Tesla (TSLA), Microsoft (MSFT), Amazon (AMZN), Meta (META), and Apple (AAPL), have dominated ...",MSFT
2025-07-22T20:13:47Z,Barchart.com,"Dear Microsoft Stock Fans, Mark Your Calendars for July 30","With earnings set for July 30, Microsoft is riding high on explosive AI and cloud growth, and analysts broadly expect its momentum to continue.",MSFT
2025-07-03T11:45:02Z,Barchart.com,2 Stocks to Buy for the ‘Summer of $4 Trillion’,Top analyst Dan Ives believes both of these stocks are poised to surge this summer to $4 trillion-plus valuations.,MSFT
2025-07-21T20:52:33Z,Investopedia,Why One Wall Street Analyst Is Growing More Bullish on This Nvidia Partner's Stock,Arm shares rose Monday as analysts at Wells Fargo raised their price target for the chip designer’s stock ahead of its quarterly earnings due next week.,MSFT
2025-07-07T14:00:57Z,Forbes,"MSFT Stock To $1,000?",What factors could drive the stock to double from its current value over the next few years?,MSFT
2025-07-23T13:02:34Z,Forbes,Buy Or Sell MSFT Stock At $510?,"Microsoft (NASDAQ:MSFT) has excelled this year, with its stock climbing over 20%.",MSFT
2025-07-31T13:22:24Z,Forbes,Is There More Upside For MSFT Stock?,"Microsoft's strong Q4 performance sent the stock up 8% in pre-market trading, extending its impressive rally of over 50% since its April low of around $350",MSFT
2025-07-16T13:56:00Z,Yahoo Entertainment,Will IonQ Stock Rise on Capella Space Buyout and Quantum Ambitions?,"Can IONQ turn its quantum Internet vision into reality with Capella, or will profitability delays test investors?",MSFT
2025-07-16T21:57:00Z,TheStreet,Microsoft analysts reboot stock price targets ahead of Q4 earnings,This is what could happen next to Microsoft shares.,MSFT
2025-07-14T15:35:42Z,Yahoo Entertainment,Why SoundHound AI (SOUN) Shares Are Falling Today,Shares of voice AI recognition company SoundHound (NASDAQ:SOUN) fell 4.5% in the morning session after the company received a downgrade from a Wall Street...,MSFT
2025-07-04T16:55:14Z,Yahoo Entertainment,Spot Outliers Like Hyperscaler Microsoft Early,"Since first institutional inflow signal in 1996, Microsoft Corporation (MSFT) is up 8,364%.",MSFT
2025-07-27T19:12:39Z,TheStreet,Microsoft CEO makes bold statement on company's future,The chief of the software giant Microsoft says AI is upending the world as we know it.,MSFT
2025-07-25T16:10:14Z,Yahoo Entertainment,Microsoft Corp (MSFT) Patches SharePoint Vulnerability amid Global Havoc,,MSFT
2025-07-22T14:18:31Z,Yahoo Entertainment,Microsoft Corporation (MSFT) Soared as Azure Revenue Grew 35%,,MSFT
2025-07-22T16:37:07Z,Yahoo Entertainment,Barclays Raises Microsoft (MSFT) Price Target on Strong Software Outlook,"Microsoft Corporation (NASDAQ:MSFT) is one of the AI Stocks Analysts Are Tracking Closely. On July 21, Barclays analyst Raimo Lenschow raised the firm’s...",MSFT
2025-07-30T13:12:58Z,Yahoo Entertainment,"Citi Raises Microsoft (MSFT) Price Target, Maintains Buy Rating","Microsoft Corporation (NASDAQ:MSFT) is one of the 12 Most Owned Stocks by Hedge Funds So Far in 2025. On July 22, Citi increased its price target on...",MSFT
2025-07-30T17:49:53Z,Yahoo Entertainment,Microsoft’s (MSFT) Focus on Innovation Supports its Dividend Stability,Microsoft Corporation (NASDAQ:MSFT) is included among the 11 Innovative Dividend Stocks to Buy Now. Microsoft Corporation (NASDAQ:MSFT) is an American tech...,MSFT
2025-07-03T13:19:57Z,Yahoo Entertainment,Microsoft Corp (MSFT) Pushing for More Internal AI Adoption,"Microsoft Corporation (NASDAQ:MSFT) is one of the 13 best blue-chip stocks to buy, according to analysts. On June 27, the company made it clear that...",MSFT
2025-07-10T12:15:05Z,Yahoo Entertainment,Analyzing Microsoft Corporation’s (MSFT) Strategic Journey in AI Revolution,,MSFT
2025-07-30T23:58:59Z,Yahoo Entertainment,Microsoft (MSFT) Unveils AI-Powered ‘Copilot Mode’ for Edge Browser,"Microsoft Corporation (NASDAQ:MSFT) is one of the AI Stocks in the Spotlight Today. On July 28, the company announced the launch of a new “Copilot Mode” for ...",MSFT
2025-07-25T14:42:30Z,Biztoc.com,Microsoft Reports Q4 Earnings on July 30. Time to Buy MSFT Stock?,"Get your Portfolio automatically emailed to you up to 4 times a day with Barchart Premier.
FREE 30 Day Trial
- Market Pulse
- VolatilityVolume & Open InterestHorizontal StrategiesButterfly Strategies
-
- Market PulseResourcesEuropean FuturesEuropean Groupings…",MSFT
2025-07-31T18:08:44Z,Al Jazeera English,Microsoft becomes second company to surpass $4 trillion in market value,The surge comes following announced investments in AI after company laid off thousands earlier this month.,MSFT
2025-07-28T18:33:17Z,Barchart.com,"Dear Microsoft Stock Fans, Mark Your Calendars for Aug. 1","Microsoft investors should keep a close eye on Aug. 1, as the anticipated launch of OpenAI’s GPT-5 could mark a major catalyst for MSFT stock and its AI...",MSFT
2025-07-30T15:08:12Z,Biztoc.com,Comparing Microsoft With Industry Competitors In Software Industry,"In the fast-paced and highly competitive business world of today, conducting thorough company analysis is essential for investors and industry observers. In this article, we will conduct an extensive industry comparison, evaluating Microsoft MSFT in relation …",MSFT
2025-07-31T14:43:49Z,Biztoc.com,Microsoft Joins Nvidia in $4 Trillion Club,"In This Article:
The $4 trillion club is now a party of two.
Microsoft (MSFT) on Thursday became the second company in history to reach a $4 trillion market value as tech stock prices continued to climb on booming AI demand.
Microsoft's stock popped 7% at the…",MSFT
2025-07-12T11:41:26Z,Yahoo Entertainment,Microsoft (MSFT): A Bull Case Theory,"We came across a bullish thesis on Microsoft on Max Dividends’s Substack. As of 2ⁿᵈ July, Microsoft’s share was trading at $491.09. MSFT’s trailing and...",MSFT
2025-07-01T17:20:41Z,Barchart.com,Analysts Keep Raising Microsoft Stock Price Targets - Time to Buy?,"Sell-side stock analysts continue to raise their price targets on Microsoft stock. One way to play this is to sell short out-of-the-money (OTM) puts, now...",MSFT
2025-07-19T14:17:24Z,Yahoo Entertainment,"Mizuho Raises Microsoft (MSFT) Price Target to $540, Reiterates Outperform on AI Strength",,MSFT
2025-07-30T16:29:57Z,Yahoo Entertainment,"Microsoft’s (MSFT) Capex in FY26 Could Surprise to the Upside, Analysts Say","Microsoft Corporation (NASDAQ:MSFT) is one of the AI Stocks Everyone Is Watching Closely. On July 28,Stifel reiterated the stock as “Buy” and raised its...",MSFT
2025-07-31T08:16:35Z,Yahoo Entertainment,"Microsoft Corporation (MSFT): CEO’s “The Fist With The Velvet Glove,” Says Jim Cramer",We recently published 10 Stocks Jim Cramer Discussed As He Revealed How Canada Has Harmed The US. Microsoft Corporation (NASDAQ:MSFT) is one of the stocks...,MSFT
2025-07-05T17:12:40Z,Yahoo Entertainment,DA Davidson Calls Microsoft (MSFT) Its Top Mega-Cap Pick — New $600 Target Set,,MSFT
2025-07-17T12:55:06Z,Yahoo Entertainment,Microsoft’s (MSFT) is Well Positioned for Growth in AI and Cloud Services,,MSFT
2025-07-19T11:13:58Z,Yahoo Entertainment,Cantor Fitzgerald Turns More Bullish on Microsoft (MSFT) Ahead of Q4 Earnings,,MSFT
2025-07-25T14:29:18Z,Yahoo Entertainment,Microsoft Reports Q4 Earnings on July 30. Time to Buy MSFT Stock?,,MSFT
2025-07-24T12:00:17Z,Yahoo Entertainment,Analyst Explains Why He’s Bullish on Microsoft (MSFT) Amid ‘AI Eating Software’ Trend,"Microsoft Corp (NASDAQ:MSFT) is one of the 10 Stocks to Buy and Sell in 2025: Top Analyst Calls. Ben Reitzes, Melius Research managing director, said in a...",MSFT
2025-07-30T11:07:03Z,Yahoo Entertainment,Is it Still a Wise Move to Buy Microsoft (MSFT) Shares?,"Parnassus Investments, an investment management firm that focuses on owning a concentrated portfolio of U.S. large cap stocks, released its Parnassus Value...",MSFT
2025-07-09T13:05:00Z,Yahoo Entertainment,Top Big Data Stocks for Savvy Investors on the Growing Analytics Trend,"DELL, HUBS and MSFT are tapping into Big Data's explosive growth with AI tools, smart platforms and strategic tech shifts.",MSFT
2025-07-24T00:24:32Z,Yahoo Entertainment,"Microsoft (MSFT) Set for Another Strong Quarter, Analysts Say","Microsoft Corporation (NASDAQ:MSFT) is one of the AI Stocks in the Spotlight Right Now. On July 22, Citi raised its price target on the stock to $613.00 from...",MSFT
2025-07-24T12:37:01Z,Yahoo Entertainment,Growth in Azure Lifted Microsoft Corporation (MSFT) in Q2,"Sands Capital, an investment management company, released its “Sands Capital Technology Innovators Fund” Q2 2025 investor letter. A copy of the letter can be...",MSFT
2025-07-02T10:30:24Z,Yahoo Entertainment,Meta vs. Nvidia: How to play Mag 7 in the second half of 2025,"The ""Magnificent Seven,"" the group of stocks comprising Nvidia (NVDA), Alphabet (GOOG, GOOGL), Tesla (TSLA), Microsoft (MSFT), Amazon (AMZN), Meta (META...",MSFT
2025-07-12T10:20:39Z,Yahoo Entertainment,"Nvidia, Microsoft, or Alphabet: Which AI Stock Giant Holds the Highest Upside? Analysts Weigh In","Generative AI exploded onto the scene at the end of 2022, and forever changed our perception – and use – of AI technology. From a predictive model, based on ...",MSFT
2025-07-28T21:33:34Z,Yahoo Entertainment,"Earnings live: Whirlpool, Tilray stocks tumble, with Spotify earnings on deck","Second quarter earnings season is in full swing, and the results have been largely positive so far, with more positive surprises than negative ones.",MSFT
2025-07-28T11:43:03Z,Yahoo Entertainment,"Earnings live: Microsoft, Apple, Amazon highlight parade of Q2 results this week","This week, 112 S&P 500 companies report Q2 results in a busy week for corporate earnings reports.",MSFT
2025-07-09T12:00:02Z,Barchart.com,"Microsoft Is Cutting 9,000 Jobs in the Latest Round of Layoffs. How Should You Play MSFT Stock Here?",Microsoft’s layoffs will not halt the stock’s uptrend.,MSFT
2025-07-25T11:57:10Z,Yahoo Entertainment,"Earnings live: Puma plunges, Deckers beats, Intel sags amid cost cuts","This week, 112 S&P 500 companies report Q2 results in a busy week for corporate earnings reports.",MSFT
2025-07-31T01:34:26Z,Yahoo Entertainment,"Asia Morning Briefing: MSFT, Meta Soar on Strong AI Earnings, but Crypto AI Tokens Fail to Follow",,MSFT
2025-07-17T21:33:00Z,TheStreet,Is quantum computing the next big thing in stocks?,Should you get in early on what could be the most transformative tech revolution yet?,MSFT
2025-07-29T08:15:37Z,Forbes,Sell Microsoft Stock Ahead of Its Upcoming Earnings?,"In the last five years, Microsoft’s stock has displayed a slight inclination towards negative one-day returns following earnings announcements.",MSFT
2025-07-17T13:03:22Z,Yahoo Entertainment,Microsoft’s (MSFT) is Well Positioned for Growth in AI and Cloud Services,Investment management company Vulcan Value Partners recently released its second-quarter 2025 investor letter. A copy of the letter can be downloaded here...,MSFT
2025-07-29T18:24:28Z,Yahoo Entertainment,"Microsoft’s (MSFT) AI Revolution Could Spark a Trillion-Dollar Surge, Says Wedbush","Microsoft Corporation (NASDAQ:MSFT) is one of the Trending AI Stocks on Wall Street. On July 25, Wedbush reiterated the stock as “Outperform” with a $600...",MSFT
2025-07-01T18:02:37Z,Yahoo Entertainment,Microsoft Stock Is Headed for $4 Trillion. Is It Too Late to Buy MSFT Here?,,MSFT
2025-07-09T17:42:57Z,Barchart.com,Nvidia Just Became the First $4 Trillion Company in the World. Should You Buy NVDA Stock?,Nvidia extended gains to become the world’s first $4 trillion company on Wednesday. BofA analyst still sees further upside in NVDA shares.,MSFT
2025-07-08T15:12:30Z,Yahoo Entertainment,Microsoft Amends Bylaws to Streamline Shareholder Nominations,"Microsoft Corporation (NASDAQ:MSFT) is among the 11 best places to invest money without risk. On Monday, the Board of Directors of Microsoft Corporation...",MSFT
2025-07-15T12:45:00Z,Forbes,Secure Dividends Up To 12% From The $3+ Trillion ‘Human Bailout’,A nifty dividend duo—with yields of 9% and 12%—is ready for takeoff. Thanks to Uncle Sam’s spending bender coinciding with the rise of the machines.,MSFT
2025-07-27T10:51:09Z,Forbes,Second Quarter Earnings Season: Google Reinforces The AI Story,"The second-quarter earnings season enters its busiest week. The economic calendar is packed with GDP, tariffs, the Fed, and the monthly jobs reports.",MSFT
2025-07-25T03:49:13Z,Yahoo Entertainment,Microsoft (MSFT) Price Target Raised on Azure Optimism,Microsoft Corporation (NASDAQ:MSFT) ranks among the best magic formula stocks to invest in. BMO Capital kept its Outperform rating on Microsoft Corporation (...,MSFT
2025-07-10T13:49:18Z,Yahoo Entertainment,Analyst Bullish on Microsoft (MSFT) Amid ‘Widest and Deepest’ Moat,Microsoft Corp (NASDAQ:MSFT) is one of the 10 Stocks to Watch in July as AI Enthusiasm Returns. Guy Adami from CNBC recently picked Microsoft Corp...,MSFT
2025-07-03T12:25:11Z,Barchart.com,"Datadog is Joining the S&P 500 Index, But is DDOG Stock a Buy on the Breakout?",DDOG stock soars premarket on the news it's set to join the benchmark index.,MSFT
2025-07-31T13:34:29Z,Yahoo Entertainment,"Stock market today: Nasdaq, S&P 500 jump as Big Tech earnings, trade deals lift spirits",Wall Street weighed a new trade deal with South Korea and strong earnings from Meta and Microsoft.,MSFT
2025-07-11T17:30:02Z,Barchart.com,CoreWeave Rules the Unusual Options Activity. But Should It Be in Your Portfolio?,CoreWeave had seven of Thursday’s top 10 unusually active options and 10 of the top 20. It seems investors can’t get enough of the AI-focused stock. While it...,MSFT
2025-07-23T13:52:14Z,Yahoo Entertainment,Analyst Explains How Microsoft (MSFT) Stock Can Reach $600,"Microsoft Corp (NASDAQ:MSFT) is one of the 10 Buzzing Stocks Everyone is Talking About. Brian Schwartz, Oppenheimer analyst, recently talked about Microsoft ...",MSFT
2025-07-11T11:43:58Z,Yahoo Entertainment,Improved Demand for Azure Services Boosted Microsoft (MSFT) in Q2,"Mar Vista Investment Partners, LLC, an investment management company, released its “Mar Vista U.S. Quality Premier Strategy” second-quarter 2025 investor...",MSFT
2025-07-30T23:27:42Z,Yahoo Entertainment,"Stock market today: Dow, S&P 500, Nasdaq futures rise as South Korea trade deal, Big Tech earnings boost sentiment",US stock futures rose as Wall Street weighed a new trade deal with South Korea and strong earnings from Meta and Microsoft.,MSFT
2025-07-10T14:10:31Z,Investopedia,WPP Names New CEO as Ad Giant Looks to AI Growth,WPP named Microsoft COO for Global Enterprise Cindy Rose to be its new CEO as the big ad agency focuses on artificial intelligence.,MSFT
2025-07-23T17:08:47Z,Investopedia,Here's What You Need to Know Ahead of Google Parent Alphabet's Earnings Today,"Google parent Alphabet is set to post second-quarter earnings after the market closes Wednesday, with investors likely to be watching its cloud and...",MSFT
2025-07-15T12:04:35Z,Investopedia,"Oracle to Spend $3B in Germany, Netherlands on Cloud, AI Infrastructure",Oracle on Tuesday said it would invest a total of $3 billion upgrading its cloud infrastructure at its facilities in Germany and the Netherlands amid the...,MSFT
2025-07-09T17:04:18Z,Investopedia,Microsoft Isn't in the '$4 Trillion Club'—Yet,The software giant is one of just three companies with a market value above $3 trillion. Some analysts figure the next trillion isn't far off.,MSFT
2025-07-31T14:16:29Z,Investopedia,Microsoft Joins Nvidia in $4 Trillion Club,Microsoft on Thursday became the second company in history to reach a $4 trillion market value as tech stocks surge on booming AI demand.,MSFT
2025-07-30T20:36:13Z,Yahoo Entertainment,"Earnings live: Microsoft, Meta stocks surge; Robinhood beats; Ford warns on tariff exposure","Second quarter earnings season is in full swing, and the results have been largely positive so far, with more positive surprises than negative ones.",MSFT
2025-07-01T01:10:42Z,Forbes,Equity Prices Rise To Record Levels Even As The Economy Slows,"On Friday (June 27th), both the S&P 500 and the Nasdaq closed at record levels. This occurred despite growing evidence of a slowing economy and continued trade angst.",MSFT
2025-07-22T20:47:56Z,Yahoo Entertainment,Arm Rises 3% as Wells Fargo Lifts Price Target to $175,Driven by expanding AI opportunities,MSFT
2025-07-29T23:35:33Z,Yahoo Entertainment,"Stock market today: Dow, S&P 500, Nasdaq steady as Wall Street awaits Fed decision, Big Tech results",Investors braced for the Federal Reserve's next interest rate decision and earnings from tech giants Microsoft and Meta.,MSFT
2025-07-30T14:43:02Z,Forbes,Microsoft Earnings: AI Growth And Cloud Demand Are Front & Center,Microsoft Earnings: AI Growth And Cloud Demand Are Front & Center. Here's a closer look at what Wall Street expects will happen.,MSFT
2025-07-22T13:07:32Z,Yahoo Entertainment,"TD Cowen Raises Microsoft (MSFT) Price Target to $580, Reiterates ‘Buy’","Microsoft Corporation (NASDAQ:MSFT) is one of the AI Stocks on Wall Street’s Radar. On July 17, TD Cowen reiterated the stock as “Buy” and raised its price...",MSFT
2025-07-26T23:12:59Z,Yahoo Entertainment,Microsoft Corporation (MSFT): “Will You Cut It Out?” Asks Jim Cramer,,MSFT
2025-07-29T23:35:33Z,Yahoo Entertainment,"Stock market today: Dow, S&P 500, Nasdaq rise as Wall Street awaits Fed decision, Big Tech results",Investors braced for the Federal Reserve's next interest rate decision and earnings from tech giants Microsoft and Meta.,MSFT
2025-07-02T11:39:19Z,Yahoo Entertainment,Microsoft (MSFT) Recovered all of its Losses After the Q1 Earnings Report,"Qualivian Investment Partners, an investment partnership focused on long-only public equities, released its Q1 2025 investor letter. A copy of the letter can...",MSFT
2025-07-27T15:13:21Z,Yahoo Entertainment,Microsoft’s (MSFT) Cloud and AI Strategy Could Deliver Big Q4 Upside,"Microsoft Corporation (NASDAQ:MSFT) is one of the AI Stocks Making Waves on Wall Street. On July 23, UBS analyst Karl Keirstead adjusted the price target for...",MSFT
2025-07-24T14:28:48Z,Yahoo Entertainment,"Microsoft (MSFT) “Is More Vulnerable Than People Realize,” Says Jim Cramer",,MSFT
2025-07-30T18:39:23Z,Yahoo Entertainment,Microsoft (MSFT) Gets Bullish Calls From Wall Street Ahead of Q4 Earnings,"Microsoft Corporation (NASDAQ:MSFT) is one of the Must-Watch AI Stocks on Wall Street. On July 29, Goldman Sachs reiterated the stock as “Buy” and said that ...",MSFT
2025-07-02T11:48:23Z,Yahoo Entertainment,Microsoft (MSFT) Gets $540 Price Target as AI and Azure Surge,"Microsoft Corporation (NASDAQ:MSFT) is one of the 10 Buzzing AI Stocks on Wall Street Right Now. On June 30, Bernstein SocGen Group analyst Mark Moerdler...",MSFT
2025-07-11T07:41:20Z,Yahoo Entertainment,"Microsoft Corporation (MSFT) Has Had An “Incredible” Run, Says Jim Cramer",We recently published Jim Cramer Discusses These 12 Stocks & Says Trump’s Winning. Microsoft Corporation (NASDAQ:MSFT) is one of the stocks Jim Cramer...,MSFT
2025-07-23T22:22:11Z,Yahoo Entertainment,Microsoft (MSFT) Gets $525 Price Target as AI and Cloud Demand Remain Strong,"Microsoft Corporation (NASDAQ:MSFT) is one of the AI Stocks on Analysts’ Radar Right Now. On July 21, RBC Capital analyst Rishi Jaluria reiterated an...",MSFT
2025-07-29T23:35:33Z,Yahoo Entertainment,"Stock market today: Dow, S&P 500, Nasdaq futures steady as Wall Street awaits Fed decision, Big Tech results",Investors braced for the Federal Reserve's next interest rate decision and earnings from tech giants Microsoft and Meta.,MSFT
2025-07-30T15:01:55Z,Barchart.com,AAPL Stock Q3 Forecast: 4 Things to Watch When Apple Reports Earnings on July 31,Apple is heading into its fiscal Q3 earnings as the second-worst performing Magnificent 7 constituent. While the company might post better-than-expected...,MSFT
2025-07-02T17:03:06Z,Yahoo Entertainment,Microsoft to cut workforce by up to 4% in latest round of layoffs,"Microsoft said it will cut less than 4% of its workforce, or roughly 9,000 jobs, as it aims to get rid of layers of management and utilize new technologies. ...",MSFT
2025-07-04T16:42:12Z,TheStreet,"After 14 years and 140,000x gains, fortune worth billions surfaces this Fourth of July",Billions in transactions after a slumber of 14 years make waves this Independence Day.,MSFT
2025-07-29T13:55:33Z,Barchart.com,Are We Headed for a Market Earthquake? 5 Catalyst Events You Can’t Ignore.,"From the Fed to tariffs to tech earnings, here’s your roadmap to all of the key events to watch this week.",MSFT
2025-07-17T17:12:27Z,TheStreet,"Stock Market Today: Stocks higher on big earnings, better retail sales","GE Aerospace raised its guidance, Taiwan Semi shows a record profit. Retail sales bounce back. Jobless claims fall.",MSFT
2025-07-07T21:00:00Z,Etf.com,Anti-DEI Firm Postpones Tesla ETF Over Musk Announcement,"- Azoria has postponed its Tesla Convexity ETF launch, citing CEO distraction concerns. - The firm sent a letter to Tesla's board questioning Musk's...",MSFT
2025-07-30T20:40:11Z,Investopedia,Microsoft Stock Jumps as Cloud and AI Demand Drive Strong Quarterly Results,"Microsoft reported quarterly earnings that topped analysts' expectations on strong growth in its Intelligent Cloud segment, sending shares higher in extended...",MSFT
2025-07-02T18:14:43Z,Barchart.com,"Up Nearly 23% in 2025, Is Meta Platforms Still the Best AI Stock to Buy?","With YTD gains of nearly 23%, Meta is the best-performing Magnificent 7 stock this year. It has also established itself as a prominent AI play, and has...",MSFT
2025-07-14T15:28:18Z,Barchart.com,How High Can Nvidia Stock Go as Jensen Huang Heads to China?,"Nvidia hit record highs last week, and the company’s market cap surpassed $4 trillion. The stock has room to run higher if Nvidia can get concessions on chip...",MSFT
2025-07-07T13:02:18Z,Yahoo Entertainment,Why the CEO of the world’s large sovereign wealth fund is worried about rising US debt,Surging US debt levels should worry investors.,MSFT
2025-07-22T09:56:20Z,Barchart.com,AES Corporation’s Q2 2025 Earnings: What to Expect,"AES Corporation is gearing up to report its fiscal second-quarter results next month, and analysts are forecasting a robust double-digit growth in earnings.",MSFT
2025-07-08T07:07:32Z,Christianheilmann.com,Day Zero Activities of WeAreDevelopers World Congress tomorrow,"Hi there, I am currently slightly freaking out as this week is the WeAreDevelopers World Congress in Berlin and I am moderating the main stage with 23 talks in two days and still have to write the closing keynote. Officially the event starts on Thursday, but …",MSFT
2025-07-28T23:37:20Z,Yahoo Entertainment,"Stock market today: Dow, S&P 500, Nasdaq futures trade flat ahead of week poised to shake markets",US stock futures traded flat as Wall Street prepared for major earnings and economic data ahead of a blockbuster week that could shake markets.,MSFT
2025-07-03T16:27:17Z,InfoMoney,"Bolsas da Europa fecham em alta, de olho em tarifas, payroll e ata do BCE","O índice pan-europeu Stoxx 600 fechou em alta de 0,47%, a 543,76 pontos
The post Bolsas da Europa fecham em alta, de olho em tarifas, payroll e ata do BCE appeared first on InfoMoney.",IBEX35
