ticker,date,text,likes,retweets
TSLA,2025-08-01 20:32:39+00:00,"@HolySmokas Dont be foolish with nonsense, you are to good for that, this will go to a higher court, certainly not finish, quit with the , i win you lose with the tsla stock, just stop",1,0
TSLA,2025-08-01 20:28:00+00:00,The only thing holding $tsla stock down is‚Ä¶‚Ä¶‚Ä¶‚Ä¶the safety drivers/safety riders. Once they go away‚Ä¶‚Ä¶..sky is the limit for @tsla.,0,0
TSLA,2025-08-01 20:14:54+00:00,"Need some advice

Would you guys think to sell some of your $TSLA stock to buy a Tesla? 

I am considering this, but keep having battles in my head to not do it",0,0
TSLA,2025-08-01 20:11:58+00:00,"@elonmusk @SawyerMerritt Yes, fight this. We can‚Äôt have TSLA stock going down any further. üòÇ",1,0
TSLA,2025-08-01 20:10:53+00:00,"Is that a live ticker of the $tsla stock, 30 % off? https://t.co/oCjFZ1Su1r",1,0
TSLA,2025-08-01 20:08:32+00:00,"@grok @FlyingVVFlying @jakeshieldsajj @elonmusk I think it‚Äôs time to sell my TSLA stock.
@elonmusk 

You are putting this shit in our cars?
Lmao.

Ok.",2,2
TSLA,2025-08-01 20:06:53+00:00,Wow $NIO one of the only green tickers out there. Many sold their $TSLA shares today to jump in $NIO. They will be rewarded. Great week now time to eat! https://t.co/Ec0KHtzO3x,9,0
TSLA,2025-08-01 19:51:28+00:00,"@Entertained_1 @mmomboisse Amazing tsla stock is still above 300, for how long I wonder.",1,0
TSLA,2025-08-01 19:46:46+00:00,"@TeslaBoomerMama Im hoping for all but no way Elon buy back $tsla shares.
Probably a mix of A and B.",2,1
TSLA,2025-08-01 19:24:54+00:00,"@lickitysplit_7 correct /
at least with drones etc, you can get direct drone exposure

there are scenarios that optimus does great but tsla stock is still down",1,0
TSLA,2025-08-01 18:56:06+00:00,"This award essentially negates the profits from around 40,000 FSD sales, which is a significant chunk of what Tesla sells in a year.

And to think that Musk said (before he scampered to create fake robots) that THIS deadly product is the only reason to own $TSLA stock! https://t.co/OGmsuo8iXi",31,6
TSLA,2025-08-01 18:54:50+00:00,@IncomeSharks I'm still in the green with all my $TSLA stock. This does look like a fine buying opportunity though....  See ya on Monday!,0,0
TSLA,2025-08-01 18:45:30+00:00,I‚Äôm calling it again‚Ä¶  Earlier last year in August I called that $TSLA would bottom when it was $180 and shortly after it ran to $440+  Now $TSLA is setting up exactly like last time.  This time I predict $TSLA stock price will hit $500+ by September 2025.  Mark my words‚Ä¶,0,0
TSLA,2025-08-01 18:32:28+00:00,"@DocTesla83 @LarryTal101 That extinguished that toxic $12 billion in Twitter acquisition debt.

As of the end of last year, Musk had $71 billion in personal loans collateralized by $TSLA stock.",0,0
TSLA,2025-08-01 18:28:20+00:00,The $TSLA stock price is currently:,2,0
TSLA,2025-08-01 18:18:23+00:00,"Elon Musk is welcome to vote my $TSLA shares.

Can I sign him up as a permanent proxy holder?

@TeslaBoomerMama",146,1
TSLA,2025-08-01 18:13:21+00:00,"@TeslaBoomerMama @elonmusk @teslaownersSV @elonmusk We, as retail investors, fully support you and Tesla. However, we ask that you be mindful of the TSLA price, as we have our bills to pay and families to support. üôèüëäüåπ",0,0
TSLA,2025-08-01 17:59:48+00:00,"Still guessing when to buy or sell Tesla? üëÄ
CTI gives you real-time trading signals, tested and trusted.
Try it for 1 month FREE ‚Äî no strings attached.

üí¨ DM us ‚ÄúCTI‚Äù to get started today

https://t.co/VcaujyPx0w

#TeslaSignals #CTITrial #TradeSmarter #proceedit https://t.co/F2J8zAs8o9",1,0
TSLA,2025-08-01 17:55:15+00:00,@disclosetv Too little too late. Elon already played into the lie that ‚ÄúTrump is a p*do‚Äù. Elon can fuck himself in the face as far as I‚Äôm concerned. Should focus on his plummeting $TSLA stock.,1,0
TSLA,2025-08-01 17:40:06+00:00,"The gain on Tesla $TSLA stock is 0% if you invested in the the first week of Jan 2021.

The status of Tesla $TSLA stock as a ""buy and hold"" investment is currently a subject of intense debate among investors and analyst .

The opportunity cost lost by sticking to Tesla over the https://t.co/qUl2xayp3d",0,0
TSLA,2025-08-01 17:33:24+00:00,"@BogdanLazarec @aboongm1 Fact that dithering buffoon Elon Musk ü§° is unable to produce and sell a proper 7-seater Tesla SUV for under $30,000 like the Chinese can proves that Tesla‚Äôs ‚Äúeconomies of scale and vertical integration‚Äù are bogus / vaporware. Why $TSLA stock is stuck where it was 58 months ago. https://t.co/8PqG2IEYZs",0,0
TSLA,2025-08-01 17:32:44+00:00,"Fact that dithering buffoon Elon Musk ü§° is unable to produce and sell a proper 7-seater Tesla SUV for under $30,000 like Nio $NIO can proves that Tesla‚Äôs ‚Äúeconomies of scale and vertical integration‚Äù are bogus / vaporware. Why $TSLA stock is stuck where it was 58 months ago. https://t.co/8PqG2IFwP0",1,1
TSLA,2025-08-01 17:32:15+00:00,"@alc2022 $TSLA stock has been trading sideways for 4 years inspite of the cars driving themselves now. There, corrected it for you.",2,0
TSLA,2025-08-01 17:31:53+00:00,"Fact that dithering buffoon Elon Musk ü§° is unable to produce and sell a proper 7-seater Tesla SUV for under $30,000 like the Chinese can proves that Tesla‚Äôs ‚Äúeconomies of scale and vertical integration‚Äù are bogus / vaporware. Why $TSLA stock is stuck where it was 58 months ago. https://t.co/8q8nKSNTe8",6,2
TSLA,2025-08-01 17:23:33+00:00,@CarCounsel @better_huma_ity Tesla FSD almost kills family and proves why $TSLA was rated most dangerous car with highest accident fatality rate in the industry. Get why Tesla board chair Robyn Denholm sold nearly all her $TSLA stock?   https://t.co/lHE9RLfE5o,0,0
TSLA,2025-08-01 17:18:52+00:00,"@YammerTime01 Musk has 238 million shares pledged in excess of the #tesla bylaws
@elonmusk if sells or is forced to sell just a minority portion of his holdings $tsla shares may crash
Elon musk is only a billionaire on paper https://t.co/KqxwONW4iK",1,1
TSLA,2025-08-01 16:44:57+00:00,"$TSLA stock has been trading sideways for 4 years. 

 But the cars drive themselves now. https://t.co/O656O9byRc",0,0
TSLA,2025-08-01 16:38:01+00:00,@AndrewShakes1 @AydenMMiller Tesla stock is lower than where it was 58 months ago. Don‚Äôt expect it to go higher now that its share of global EV market has plummeted from 70% to &lt;4% as superior rivals crush it. Get why insiders keep selling $TSLA shares and not buying any? https://t.co/ln7rRFo7qQ,0,0
TSLA,2025-08-01 16:37:57+00:00,@Ledge_Andary @AydenMMiller Tesla stock is lower than where it was 58 months ago. Don‚Äôt expect it to go higher now that its share of global EV market has plummeted from 70% to &lt;4% as superior rivals crush it. Get why insiders keep selling $TSLA shares and not buying any? https://t.co/ln7rRFo7qQ,0,0
TSLA,2025-08-01 16:37:07+00:00,One of the big Tesla accounts should consider running a poll asking shareholders if they think Elon should start buying back the TSLA shares he sold for Twitter to regain some of the control he gave up (voluntarily and notwithstanding his pledge to be first in last out) now that,25,4
TSLA,2025-08-01 16:35:01+00:00,@Lucia7248590816 @AydenMMiller Tesla stock is lower than where it was 58 months ago. Don‚Äôt expect it to go higher now that its share of global EV market has plummeted from 70% to &lt;4% as superior rivals crush it. Get why insiders keep selling $TSLA shares and not buying any? https://t.co/F0UBRMWZDK,0,0
TSLA,2025-08-01 16:34:55+00:00,@RandyWitt @AydenMMiller Tesla stock is lower than where it was 58 months ago. Don‚Äôt expect it to go higher now that its share of global EV market has plummeted from 70% to &lt;4% as superior rivals crush it. Get why insiders keep selling $TSLA shares and not buying any? https://t.co/F0UBRMWZDK,0,0
TSLA,2025-08-01 16:34:44+00:00,@dbielecki @AydenMMiller Tesla stock is lower than where it was 58 months ago. Don‚Äôt expect it to go higher now that its share of global EV market has plummeted from 70% to &lt;4% as superior rivals crush it. Get why insiders keep selling $TSLA shares and not buying any? https://t.co/F0UBRMWZDK https://t.co/l6auJKESfV,0,0
TSLA,2025-08-01 16:21:41+00:00,"$TSLA stock has been trading sideways for 4 years.

But the cars drive themselves now. https://t.co/yKxJ0xIL9F",482,26
TSLA,2025-08-01 16:20:47+00:00,"Seems pretty clear that Tesla adding new vehicles or expanding the service area will not move $TSLA stock significantly. The real signal for the stock is removing the safety driver.

I don‚Äôt think they get there with the current version of software, v13.3. They will need the next",1,0
TSLA,2025-08-01 15:58:09+00:00,"Amazing, for those who pressing $tsla price to create a short term illusion, time to buy back your position is very little and likely you are missing them https://t.co/eeXSkr0D9r",1,0
TSLA,2025-08-01 15:55:11+00:00,"If indeed the intention to give Elon 25% Voting power, then here‚Äôs the solution:

BUY BACK  $TSLA Shares he sold to buy another publicly traded company called Twitter as a CEO of publicly traded company !  

How ?!

Space X is approaching over 400B in valuation and he has over https://t.co/2MgdKlHhuj",96,11
TSLA,2025-08-01 15:47:25+00:00,I want to live an ordinary life and provide for my family &amp; see all of us healthy. I have very limited wants and my needs are always below the means. Only thing I want is more $TSLA shares! You do you.,0,0
TSLA,2025-08-01 15:41:00+00:00,"@Maldivawow Nope. And here Tesla FSD v13.2.9 attempts to smash through a closed road barrier, before the human driver intervenes.  Get why Tesla ‚Äúrobotaxis‚Äù are supervised and don‚Äôt operate on highways?  Why board chair Robyn Denholm sold nearly all her $TSLA stock?  https://t.co/fjOTcSPQix",1,0
TSLA,2025-08-01 15:40:53+00:00,"@Maldivawow ‚ÄúFSD 13.2.9 charges toward a busy intersection with dead traffic lights, no sign of stopping. Had to disengage to avoid chaos.‚Äù  Get why Tesla board chair Robyn Denholm sold nearly all her $TSLA stock?   https://t.co/EPRvqpBwES",1,0
TSLA,2025-08-01 15:25:29+00:00,"@Maldivawow Most drivers only need highway driving assistance; radar-based advanced driving systems from Lucid, Lexus / Toyota $TM, GM $GM, Ford $F, Mercedes, Audi $VWAGY offer better solutions than Tesla $TSLA 

Get why Tesla board chair Robyn Denholm sold nearly all her $TSLA stock?",0,0
TSLA,2025-08-01 15:23:38+00:00,@Maldivawow Yet another instance of dithering buffoon ü§° Elon Musk‚Äôs perpetually defective / psychotic Tesla FSD v13.2.9 attempting a dangerous turn into oncoming traffic.  Get why Tesla board chair Robyn Denholm sold nearly all her $TSLA stock?  https://t.co/m6AUXKRqYC,2,1
TSLA,2025-08-01 15:23:24+00:00,@Maldivawow Tesla FSD almost kills family and proves why $TSLA was rated most dangerous car with highest accident fatality rate in the industry. Get why Tesla board chair Robyn Denholm sold nearly all her $TSLA stock?   https://t.co/lHE9RLfE5o,2,2
TSLA,2025-08-01 14:59:14+00:00,@CuriousPejjy @mrfundman Rome wasn‚Äôt built in a day! Keep building! I buy 2-3 $TSLA shares whenever I get paid every 2 weeks! üòç,1,0
TSLA,2025-08-01 14:50:32+00:00,"I love to see this loser's posts met with ""instant karma"" üòÑ!

He sold all his $TSLA stock some time back, and now he spends all his time justifying his disastrous decision!!

$PLTR https://t.co/ZqMy2RWH2D https://t.co/734W2tidCq",0,0
TSLA,2025-08-01 14:42:55+00:00,#tsla price earnings ratio too crazy.  Developments too slow. Promotions too loud. https://t.co/JEWMRztPeP,0,0
TSLA,2025-08-01 14:27:52+00:00,Big money wants your $TSLA shares https://t.co/7aHuIUNZGz,0,0
TSLA,2025-08-01 14:10:00+00:00,"üö® SELL ALERT 

Closing most stocks before we confirm a bottom of the market bleed.

$UNH $OSCR $SOUN $MARA $LMND $TTD $ZETA

A few winners but more losers here that wiped half of our unrealized gains for the month.

Still holding $250k in $TSLA shares. https://t.co/BlAPcIFdHB",4,0
TSLA,2025-08-01 14:08:18+00:00,"@garyblack00 Great day to post all this when everything is red due to macro turbulence‚Ä¶ fiat managers busy are today fielding concerns from their clients while retail investoors with low-time preference are chilling, stacking fake magic internet money and TSLA shares",2,0
TSLA,2025-08-01 13:44:38+00:00,@garyblack00 Tsla will be all good. Fluctuation before taking off. Uber is doomed to die. Add more TSLA shares and Uber leap put.,0,0
